ticker,fiscal_period,filing_date,source_available_date,source_accession,metric_name,metric_value,unit
NVDA,FY2009-Q2,2009-08-20,2009-08-20,0001045810-09-000024,gross_margin,0.2404433521128911,ratio
NVDA,FY2009-Q2,2009-08-20,2009-08-20,0001045810-09-000024,operating_margin,-0.2367320931930639,ratio
NVDA,FY2009-Q2,2009-08-20,2009-08-20,0001045810-09-000024,net_margin,-0.21283344589037245,ratio
NVDA,FY2009-Q2,2009-08-20,2009-08-20,0001045810-09-000024,ROE,-0.13644156448603703,ratio
NVDA,FY2009-Q2,2009-08-20,2009-08-20,0001045810-09-000024,ROA,-0.09296603301773673,ratio
NVDA,FY2009-Q2,2009-08-20,2009-08-20,0001045810-09-000024,FCF,,USD
NVDA,FY2009-Q2,2009-08-20,2009-08-20,0001045810-09-000024,FCF_margin,,ratio
NVDA,FY2009-Q2,2009-08-20,2009-08-20,0001045810-09-000024,debt_to_equity,,ratio
NVDA,FY2009-Q2,2009-08-20,2009-08-20,0001045810-09-000024,current_ratio,2.4322382172079418,ratio
NVDA,FY2009-Q2,2009-08-20,2009-08-20,0001045810-09-000024,R&D_%_revenue,0.34332927757815196,ratio
NVDA,FY2009-Q2,2009-08-20,2009-08-20,0001045810-09-000024,SG&A_%_revenue,0.13384616772780306,ratio
NVDA,FY2009-Q2,2009-08-20,2009-08-20,0001045810-09-000024,diluted_EPS,-0.56,USD/shares
NVDA,FY2009-Q2,2009-08-20,2009-08-20,0001045810-09-000024,revenue,1440751000.0,USD
NVDA,FY2009-Q2,2009-08-20,2009-08-20,0001045810-09-000024,net_income,-306640000.0,USD
NVDA,FY2009-Q2,2009-08-20,2009-08-20,0001045810-09-000024,operating_income,-341072000.0,USD
NVDA,FY2009-Q2,2009-08-20,2009-08-20,0001045810-09-000024,operating_cash_flow,277245000.0,USD
NVDA,FY2009-Q2,2009-08-20,2009-08-20,0001045810-09-000024,capex,,USD
NVDA,FY2009-Q2,2009-08-20,2009-08-20,0001045810-09-000024,cash_and_securities,523785000.0,USD
NVDA,FY2009-Q2,2009-08-20,2009-08-20,0001045810-09-000024,total_debt,,USD
NVDA,FY2009-Q2,2009-08-20,2009-08-20,0001045810-09-000024,long_term_debt,,USD
NVDA,FY2009-Q2,2009-08-20,2009-08-20,0001045810-09-000024,short_term_debt,,USD
NVDA,FY2009-Q2,2009-08-20,2009-08-20,0001045810-09-000024,diluted_shares,544463000.0,shares
NVDA,FY2009-Q3,2009-11-19,2009-11-19,0001045810-09-000036,gross_margin,0.3149383713097126,ratio
NVDA,FY2009-Q3,2009-11-19,2009-11-19,0001045810-09-000036,operating_margin,-0.09950139870313321,ratio
NVDA,FY2009-Q3,2009-11-19,2009-11-19,0001045810-09-000036,net_margin,-0.0849260459982841,ratio
NVDA,FY2009-Q3,2009-11-19,2009-11-19,0001045810-09-000036,ROE,-0.08213406721721711,ratio
NVDA,FY2009-Q3,2009-11-19,2009-11-19,0001045810-09-000036,ROA,-0.05747329203880154,ratio
NVDA,FY2009-Q3,2009-11-19,2009-11-19,0001045810-09-000036,FCF,,USD
NVDA,FY2009-Q3,2009-11-19,2009-11-19,0001045810-09-000036,FCF_margin,,ratio
NVDA,FY2009-Q3,2009-11-19,2009-11-19,0001045810-09-000036,debt_to_equity,,ratio
NVDA,FY2009-Q3,2009-11-19,2009-11-19,0001045810-09-000036,current_ratio,2.652677862210651,ratio
NVDA,FY2009-Q3,2009-11-19,2009-11-19,0001045810-09-000036,R&D_%_revenue,0.2954832362539074,ratio
NVDA,FY2009-Q3,2009-11-19,2009-11-19,0001045810-09-000036,SG&A_%_revenue,0.11895653375893842,ratio
NVDA,FY2009-Q3,2009-11-19,2009-11-19,0001045810-09-000036,diluted_EPS,-0.36,USD/shares
NVDA,FY2009-Q3,2009-11-19,2009-11-19,0001045810-09-000036,revenue,2343957000.0,USD
NVDA,FY2009-Q3,2009-11-19,2009-11-19,0001045810-09-000036,net_income,-199063000.0,USD
NVDA,FY2009-Q3,2009-11-19,2009-11-19,0001045810-09-000036,operating_income,-233227000.0,USD
NVDA,FY2009-Q3,2009-11-19,2009-11-19,0001045810-09-000036,operating_cash_flow,418562000.0,USD
NVDA,FY2009-Q3,2009-11-19,2009-11-19,0001045810-09-000036,capex,,USD
NVDA,FY2009-Q3,2009-11-19,2009-11-19,0001045810-09-000036,cash_and_securities,614490000.0,USD
NVDA,FY2009-Q3,2009-11-19,2009-11-19,0001045810-09-000036,total_debt,,USD
NVDA,FY2009-Q3,2009-11-19,2009-11-19,0001045810-09-000036,long_term_debt,,USD
NVDA,FY2009-Q3,2009-11-19,2009-11-19,0001045810-09-000036,short_term_debt,,USD
NVDA,FY2009-Q3,2009-11-19,2009-11-19,0001045810-09-000036,diluted_shares,546737000.0,shares
NVDA,FY2010,2012-03-13,2012-03-13,0001045810-12-000013,gross_margin,0.39767629636591106,ratio
NVDA,FY2010,2012-03-13,2012-03-13,0001045810-12-000013,operating_margin,0.07217744769084491,ratio
NVDA,FY2010,2012-03-13,2012-03-13,0001045810-12-000013,net_margin,0.0714433880872371,ratio
NVDA,FY2010,2012-03-13,2012-03-13,0001045810-12-000013,ROE,0.07956907861857222,ratio
NVDA,FY2010,2012-03-13,2012-03-13,0001045810-12-000013,ROA,0.0563141594475586,ratio
NVDA,FY2010,2012-03-13,2012-03-13,0001045810-12-000013,FCF,577907000.0,USD
NVDA,FY2010,2012-03-13,2012-03-13,0001045810-12-000013,FCF_margin,0.16309810970479854,ratio
NVDA,FY2010,2012-03-13,2012-03-13,0001045810-12-000013,debt_to_equity,,ratio
NVDA,FY2010,2012-03-13,2012-03-13,0001045810-12-000013,current_ratio,3.42315860491661,ratio
NVDA,FY2010,2012-03-13,2012-03-13,0001045810-12-000013,R&D_%_revenue,0.23955855952726673,ratio
NVDA,FY2010,2012-03-13,2012-03-13,0001045810-12-000013,SG&A_%_revenue,0.10202694712767077,ratio
NVDA,FY2010,2012-03-13,2012-03-13,0001045810-12-000013,diluted_EPS,0.43,USD/shares
NVDA,FY2010,2012-03-13,2012-03-13,0001045810-12-000013,revenue,3543309000.0,USD
NVDA,FY2010,2012-03-13,2012-03-13,0001045810-12-000013,net_income,253146000.0,USD
NVDA,FY2010,2012-03-13,2012-03-13,0001045810-12-000013,operating_income,255747000.0,USD
NVDA,FY2010,2012-03-13,2012-03-13,0001045810-12-000013,operating_cash_flow,675797000.0,USD
NVDA,FY2010,2012-03-13,2012-03-13,0001045810-12-000013,capex,97890000.0,USD
NVDA,FY2010,2012-03-13,2012-03-13,0001045810-12-000013,cash_and_securities,665361000.0,USD
NVDA,FY2010,2012-03-13,2012-03-13,0001045810-12-000013,total_debt,,USD
NVDA,FY2010,2012-03-13,2012-03-13,0001045810-12-000013,long_term_debt,,USD
NVDA,FY2010,2012-03-13,2012-03-13,0001045810-12-000013,short_term_debt,,USD
NVDA,FY2010,2012-03-13,2012-03-13,0001045810-12-000013,diluted_shares,588684000.0,shares
NVDA,FY2010-Q2,2010-05-21,2010-05-21,0001045810-10-000018,gross_margin,0.4555510858812972,ratio
NVDA,FY2010-Q2,2010-05-21,2010-05-21,0001045810-10-000018,operating_margin,0.147126260090456,ratio
NVDA,FY2010-Q2,2010-05-21,2010-05-21,0001045810-10-000018,net_margin,0.13734499352673601,ratio
NVDA,FY2010-Q2,2010-05-21,2010-05-21,0001045810-10-000018,ROE,0.048098942720959784,ratio
NVDA,FY2010-Q2,2010-05-21,2010-05-21,0001045810-10-000018,ROA,0.03618009850040625,ratio
NVDA,FY2010-Q2,2010-05-21,2010-05-21,0001045810-10-000018,FCF,,USD
NVDA,FY2010-Q2,2010-05-21,2010-05-21,0001045810-10-000018,FCF_margin,,ratio
NVDA,FY2010-Q2,2010-05-21,2010-05-21,0001045810-10-000018,debt_to_equity,,ratio
NVDA,FY2010-Q2,2010-05-21,2010-05-21,0001045810-10-000018,current_ratio,3.5633149656406107,ratio
NVDA,FY2010-Q2,2010-05-21,2010-05-21,0001045810-10-000018,R&D_%_revenue,0.2177102912419783,ratio
NVDA,FY2010-Q2,2010-05-21,2010-05-21,0001045810-10-000018,SG&A_%_revenue,0.09071453454886291,ratio
NVDA,FY2010-Q2,2010-05-21,2010-05-21,0001045810-10-000018,diluted_EPS,0.23,USD/shares
NVDA,FY2010-Q2,2010-05-21,2010-05-21,0001045810-10-000018,revenue,1001813000.0,USD
NVDA,FY2010-Q2,2010-05-21,2010-05-21,0001045810-10-000018,net_income,137594000.0,USD
NVDA,FY2010-Q2,2010-05-21,2010-05-21,0001045810-10-000018,operating_income,147393000.0,USD
NVDA,FY2010-Q2,2010-05-21,2010-05-21,0001045810-10-000018,operating_cash_flow,-5397000.0,USD
NVDA,FY2010-Q2,2010-05-21,2010-05-21,0001045810-10-000018,capex,,USD
NVDA,FY2010-Q2,2010-05-21,2010-05-21,0001045810-10-000018,cash_and_securities,447262000.0,USD
NVDA,FY2010-Q2,2010-05-21,2010-05-21,0001045810-10-000018,total_debt,,USD
NVDA,FY2010-Q2,2010-05-21,2010-05-21,0001045810-10-000018,long_term_debt,,USD
NVDA,FY2010-Q2,2010-05-21,2010-05-21,0001045810-10-000018,short_term_debt,,USD
NVDA,FY2010-Q2,2010-05-21,2010-05-21,0001045810-10-000018,diluted_shares,590997.0,shares
NVDA,FY2010-Q3,2010-12-07,2010-12-07,0001045810-10-000045,gross_margin,0.36987421210847243,ratio
NVDA,FY2010-Q3,2010-12-07,2010-12-07,0001045810-10-000045,operating_margin,0.028592742082694595,ratio
NVDA,FY2010-Q3,2010-12-07,2010-12-07,0001045810-10-000045,net_margin,0.030672583764814545,ratio
NVDA,FY2010-Q3,2010-12-07,2010-12-07,0001045810-10-000045,ROE,0.028122282496169614,ratio
NVDA,FY2010-Q3,2010-12-07,2010-12-07,0001045810-10-000045,ROA,0.02081301386078534,ratio
NVDA,FY2010-Q3,2010-12-07,2010-12-07,0001045810-10-000045,FCF,,USD
NVDA,FY2010-Q3,2010-12-07,2010-12-07,0001045810-10-000045,FCF_margin,,ratio
NVDA,FY2010-Q3,2010-12-07,2010-12-07,0001045810-10-000045,debt_to_equity,,ratio
NVDA,FY2010-Q3,2010-12-07,2010-12-07,0001045810-10-000045,current_ratio,3.4387505526712547,ratio
NVDA,FY2010-Q3,2010-12-07,2010-12-07,0001045810-10-000045,R&D_%_revenue,0.23834511446092166,ratio
NVDA,FY2010-Q3,2010-12-07,2010-12-07,0001045810-10-000045,SG&A_%_revenue,0.10293635556485617,ratio
NVDA,FY2010-Q3,2010-12-07,2010-12-07,0001045810-10-000045,diluted_EPS,0.14,USD/shares
NVDA,FY2010-Q3,2010-12-07,2010-12-07,0001045810-10-000045,revenue,2656933000.0,USD
NVDA,FY2010-Q3,2010-12-07,2010-12-07,0001045810-10-000045,net_income,81495000.0,USD
NVDA,FY2010-Q3,2010-12-07,2010-12-07,0001045810-10-000045,operating_income,75969000.0,USD
NVDA,FY2010-Q3,2010-12-07,2010-12-07,0001045810-10-000045,operating_cash_flow,241124000.0,USD
NVDA,FY2010-Q3,2010-12-07,2010-12-07,0001045810-10-000045,capex,,USD
NVDA,FY2010-Q3,2010-12-07,2010-12-07,0001045810-10-000045,cash_and_securities,451174000.0,USD
NVDA,FY2010-Q3,2010-12-07,2010-12-07,0001045810-10-000045,total_debt,,USD
NVDA,FY2010-Q3,2010-12-07,2010-12-07,0001045810-10-000045,long_term_debt,,USD
NVDA,FY2010-Q3,2010-12-07,2010-12-07,0001045810-10-000045,short_term_debt,,USD
NVDA,FY2010-Q3,2010-12-07,2010-12-07,0001045810-10-000045,diluted_shares,584500.0,shares
NVDA,FY2011,2012-03-13,2012-03-13,0001045810-12-000013,gross_margin,0.5143954496451913,ratio
NVDA,FY2011,2012-03-13,2012-03-13,0001045810-12-000013,operating_margin,0.16215866711022955,ratio
NVDA,FY2011,2012-03-13,2012-03-13,0001045810-12-000013,net_margin,0.14534771744377714,ratio
NVDA,FY2011,2012-03-13,2012-03-13,0001045810-12-000013,ROE,0.14016610850119304,ratio
NVDA,FY2011,2012-03-13,2012-03-13,0001045810-12-000013,ROA,0.10464569322706868,ratio
NVDA,FY2011,2012-03-13,2012-03-13,0001045810-12-000013,FCF,770421000.0,USD
NVDA,FY2011,2012-03-13,2012-03-13,0001045810-12-000013,FCF_margin,0.19270497482447166,ratio
NVDA,FY2011,2012-03-13,2012-03-13,0001045810-12-000013,debt_to_equity,,ratio
NVDA,FY2011,2012-03-13,2012-03-13,0001045810-12-000013,current_ratio,4.199499332227907,ratio
NVDA,FY2011,2012-03-13,2012-03-13,0001045810-12-000013,R&D_%_revenue,0.250781029182602,ratio
NVDA,FY2011,2012-03-13,2012-03-13,0001045810-12-000013,SG&A_%_revenue,0.10145575335235985,ratio
NVDA,FY2011,2012-03-13,2012-03-13,0001045810-12-000013,diluted_EPS,0.94,USD/shares
NVDA,FY2011,2012-03-13,2012-03-13,0001045810-12-000013,revenue,3997930000.0,USD
NVDA,FY2011,2012-03-13,2012-03-13,0001045810-12-000013,net_income,581090000.0,USD
NVDA,FY2011,2012-03-13,2012-03-13,0001045810-12-000013,operating_income,648299000.0,USD
NVDA,FY2011,2012-03-13,2012-03-13,0001045810-12-000013,operating_cash_flow,909156000.0,USD
NVDA,FY2011,2012-03-13,2012-03-13,0001045810-12-000013,capex,138735000.0,USD
NVDA,FY2011,2012-03-13,2012-03-13,0001045810-12-000013,cash_and_securities,667876000.0,USD
NVDA,FY2011,2012-03-13,2012-03-13,0001045810-12-000013,total_debt,,USD
NVDA,FY2011,2012-03-13,2012-03-13,0001045810-12-000013,long_term_debt,,USD
NVDA,FY2011,2012-03-13,2012-03-13,0001045810-12-000013,short_term_debt,,USD
NVDA,FY2011,2012-03-13,2012-03-13,0001045810-12-000013,diluted_shares,616371000.0,shares
NVDA,FY2011-Q1,2011-05-27,2011-05-27,0001045810-11-000031,gross_margin,0.5036209550756259,ratio
NVDA,FY2011-Q1,2011-05-27,2011-05-27,0001045810-11-000031,operating_margin,0.16097268405958595,ratio
NVDA,FY2011-Q1,2011-05-27,2011-05-27,0001045810-11-000031,net_margin,0.14055459290111938,ratio
NVDA,FY2011-Q1,2011-05-27,2011-05-27,0001045810-11-000031,ROE,0.03921883121101871,ratio
NVDA,FY2011-Q1,2011-05-27,2011-05-27,0001045810-11-000031,ROA,0.028546824569788867,ratio
NVDA,FY2011-Q1,2011-05-27,2011-05-27,0001045810-11-000031,FCF,,USD
NVDA,FY2011-Q1,2011-05-27,2011-05-27,0001045810-11-000031,FCF_margin,,ratio
NVDA,FY2011-Q1,2011-05-27,2011-05-27,0001045810-11-000031,debt_to_equity,,ratio
NVDA,FY2011-Q1,2011-05-27,2011-05-27,0001045810-11-000031,current_ratio,3.563885214122789,ratio
NVDA,FY2011-Q1,2011-05-27,2011-05-27,0001045810-11-000031,R&D_%_revenue,0.24065968219583614,ratio
NVDA,FY2011-Q1,2011-05-27,2011-05-27,0001045810-11-000031,SG&A_%_revenue,0.10198858882020376,ratio
NVDA,FY2011-Q1,2011-05-27,2011-05-27,0001045810-11-000031,diluted_EPS,0.22,USD/shares
NVDA,FY2011-Q1,2011-05-27,2011-05-27,0001045810-11-000031,revenue,962039000.0,USD
NVDA,FY2011-Q1,2011-05-27,2011-05-27,0001045810-11-000031,net_income,135219000.0,USD
NVDA,FY2011-Q1,2011-05-27,2011-05-27,0001045810-11-000031,operating_income,154862000.0,USD
NVDA,FY2011-Q1,2011-05-27,2011-05-27,0001045810-11-000031,operating_cash_flow,172200000.0,USD
NVDA,FY2011-Q1,2011-05-27,2011-05-27,0001045810-11-000031,capex,,USD
NVDA,FY2011-Q1,2011-05-27,2011-05-27,0001045810-11-000031,cash_and_securities,683633000.0,USD
NVDA,FY2011-Q1,2011-05-27,2011-05-27,0001045810-11-000031,total_debt,,USD
NVDA,FY2011-Q1,2011-05-27,2011-05-27,0001045810-11-000031,long_term_debt,,USD
NVDA,FY2011-Q1,2011-05-27,2011-05-27,0001045810-11-000031,short_term_debt,,USD
NVDA,FY2011-Q1,2011-05-27,2011-05-27,0001045810-11-000031,diluted_shares,613474.0,shares
NVDA,FY2011-Q2,2011-08-25,2011-08-25,0001045810-11-000046,gross_margin,0.5103656403963295,ratio
NVDA,FY2011-Q2,2011-08-25,2011-08-25,0001045810-11-000046,operating_margin,0.1662282998307857,ratio
NVDA,FY2011-Q2,2011-08-25,2011-08-25,0001045810-11-000046,net_margin,0.1449501555680001,ratio
NVDA,FY2011-Q2,2011-08-25,2011-08-25,0001045810-11-000046,ROE,0.0777325951241222,ratio
NVDA,FY2011-Q2,2011-08-25,2011-08-25,0001045810-11-000046,ROA,0.05895703170611772,ratio
NVDA,FY2011-Q2,2011-08-25,2011-08-25,0001045810-11-000046,FCF,,USD
NVDA,FY2011-Q2,2011-08-25,2011-08-25,0001045810-11-000046,FCF_margin,,ratio
NVDA,FY2011-Q2,2011-08-25,2011-08-25,0001045810-11-000046,debt_to_equity,,ratio
NVDA,FY2011-Q2,2011-08-25,2011-08-25,0001045810-11-000046,current_ratio,3.4547125426559853,ratio
NVDA,FY2011-Q2,2011-08-25,2011-08-25,0001045810-11-000046,R&D_%_revenue,0.24221957831873345,ratio
NVDA,FY2011-Q2,2011-08-25,2011-08-25,0001045810-11-000046,SG&A_%_revenue,0.1019177622468103,ratio
NVDA,FY2011-Q2,2011-08-25,2011-08-25,0001045810-11-000046,diluted_EPS,0.47,USD/shares
NVDA,FY2011-Q2,2011-08-25,2011-08-25,0001045810-11-000046,revenue,1978556000.0,USD
NVDA,FY2011-Q2,2011-08-25,2011-08-25,0001045810-11-000046,net_income,286792000.0,USD
NVDA,FY2011-Q2,2011-08-25,2011-08-25,0001045810-11-000046,operating_income,328892000.0,USD
NVDA,FY2011-Q2,2011-08-25,2011-08-25,0001045810-11-000046,operating_cash_flow,254221000.0,USD
NVDA,FY2011-Q2,2011-08-25,2011-08-25,0001045810-11-000046,capex,,USD
NVDA,FY2011-Q2,2011-08-25,2011-08-25,0001045810-11-000046,cash_and_securities,532614000.0,USD
NVDA,FY2011-Q2,2011-08-25,2011-08-25,0001045810-11-000046,total_debt,,USD
NVDA,FY2011-Q2,2011-08-25,2011-08-25,0001045810-11-000046,long_term_debt,,USD
NVDA,FY2011-Q2,2011-08-25,2011-08-25,0001045810-11-000046,short_term_debt,,USD
NVDA,FY2011-Q2,2011-08-25,2011-08-25,0001045810-11-000046,diluted_shares,615552.0,shares
NVDA,FY2011-Q3,2011-11-22,2011-11-22,0001045810-11-000056,gross_margin,0.5144958380628074,ratio
NVDA,FY2011-Q3,2011-11-22,2011-11-22,0001045810-11-000056,operating_margin,0.17275126644805985,ratio
NVDA,FY2011-Q3,2011-11-22,2011-11-22,0001045810-11-000056,net_margin,0.15274394890066004,ratio
NVDA,FY2011-Q3,2011-11-22,2011-11-22,0001045810-11-000056,ROE,0.11704312373378298,ratio
NVDA,FY2011-Q3,2011-11-22,2011-11-22,0001045810-11-000056,ROA,0.09138555127162415,ratio
NVDA,FY2011-Q3,2011-11-22,2011-11-22,0001045810-11-000056,FCF,,USD
NVDA,FY2011-Q3,2011-11-22,2011-11-22,0001045810-11-000056,FCF_margin,,ratio
NVDA,FY2011-Q3,2011-11-22,2011-11-22,0001045810-11-000056,debt_to_equity,,ratio
NVDA,FY2011-Q3,2011-11-22,2011-11-22,0001045810-11-000056,current_ratio,3.9473713295830306,ratio
NVDA,FY2011-Q3,2011-11-22,2011-11-22,0001045810-11-000056,R&D_%_revenue,0.2416442673519149,ratio
NVDA,FY2011-Q3,2011-11-22,2011-11-22,0001045810-11-000056,SG&A_%_revenue,0.10010030426283265,ratio
NVDA,FY2011-Q3,2011-11-22,2011-11-22,0001045810-11-000056,diluted_EPS,0.76,USD/shares
NVDA,FY2011-Q3,2011-11-22,2011-11-22,0001045810-11-000056,revenue,3044736000.0,USD
NVDA,FY2011-Q3,2011-11-22,2011-11-22,0001045810-11-000056,net_income,465065000.0,USD
NVDA,FY2011-Q3,2011-11-22,2011-11-22,0001045810-11-000056,operating_income,525982000.0,USD
NVDA,FY2011-Q3,2011-11-22,2011-11-22,0001045810-11-000056,operating_cash_flow,498638000.0,USD
NVDA,FY2011-Q3,2011-11-22,2011-11-22,0001045810-11-000056,capex,,USD
NVDA,FY2011-Q3,2011-11-22,2011-11-22,0001045810-11-000056,cash_and_securities,566816000.0,USD
NVDA,FY2011-Q3,2011-11-22,2011-11-22,0001045810-11-000056,total_debt,,USD
NVDA,FY2011-Q3,2011-11-22,2011-11-22,0001045810-11-000056,long_term_debt,,USD
NVDA,FY2011-Q3,2011-11-22,2011-11-22,0001045810-11-000056,short_term_debt,,USD
NVDA,FY2011-Q3,2011-11-22,2011-11-22,0001045810-11-000056,diluted_shares,614688000.0,shares
NVDA,FY2012,2013-03-12,2013-03-12,0001045810-13-000008,gross_margin,0.5201542746426009,ratio
NVDA,FY2012,2013-03-12,2013-03-12,0001045810-13-000008,operating_margin,0.15145208390622872,ratio
NVDA,FY2012,2013-03-12,2013-03-12,0001045810-13-000008,net_margin,0.13142876234270737,ratio
NVDA,FY2012,2013-03-12,2013-03-12,0001045810-13-000008,ROE,0.1165224952736322,ratio
NVDA,FY2012,2013-03-12,2013-03-12,0001045810-13-000008,ROA,0.0877284008954742,ratio
NVDA,FY2012,2013-03-12,2013-03-12,0001045810-13-000008,FCF,,USD
NVDA,FY2012,2013-03-12,2013-03-12,0001045810-13-000008,FCF_margin,,ratio
NVDA,FY2012,2013-03-12,2013-03-12,0001045810-13-000008,debt_to_equity,,ratio
NVDA,FY2012,2013-03-12,2013-03-12,0001045810-13-000008,current_ratio,4.891564734696888,ratio
NVDA,FY2012,2013-03-12,2013-03-12,0001045810-13-000008,R&D_%_revenue,0.26804658425072525,ratio
NVDA,FY2012,2013-03-12,2013-03-12,0001045810-13-000008,SG&A_%_revenue,0.1006556064856469,ratio
NVDA,FY2012,2013-03-12,2013-03-12,0001045810-13-000008,diluted_EPS,0.9,USD/shares
NVDA,FY2012,2013-03-12,2013-03-12,0001045810-13-000008,revenue,4280159000.0,USD
NVDA,FY2012,2013-03-12,2013-03-12,0001045810-13-000008,net_income,562536000.0,USD
NVDA,FY2012,2013-03-12,2013-03-12,0001045810-13-000008,operating_income,648239000.0,USD
NVDA,FY2012,2013-03-12,2013-03-12,0001045810-13-000008,operating_cash_flow,824172000.0,USD
NVDA,FY2012,2013-03-12,2013-03-12,0001045810-13-000008,capex,,USD
NVDA,FY2012,2013-03-12,2013-03-12,0001045810-13-000008,cash_and_securities,732786000.0,USD
NVDA,FY2012,2013-03-12,2013-03-12,0001045810-13-000008,total_debt,,USD
NVDA,FY2012,2013-03-12,2013-03-12,0001045810-13-000008,long_term_debt,,USD
NVDA,FY2012,2013-03-12,2013-03-12,0001045810-13-000008,short_term_debt,,USD
NVDA,FY2012,2013-03-12,2013-03-12,0001045810-13-000008,diluted_shares,624957000.0,shares
NVDA,FY2012-Q1,2012-05-23,2012-05-23,0001045810-12-000027,gross_margin,0.5010006736030845,ratio
NVDA,FY2012-Q1,2012-05-23,2012-05-23,0001045810-12-000027,operating_margin,0.07874128127307739,ratio
NVDA,FY2012-Q1,2012-05-23,2012-05-23,0001045810-12-000027,net_margin,0.06534598654740036,ratio
NVDA,FY2012-Q1,2012-05-23,2012-05-23,0001045810-12-000027,ROE,0.014096330014171666,ratio
NVDA,FY2012-Q1,2012-05-23,2012-05-23,0001045810-12-000027,ROA,0.010587812164570517,ratio
NVDA,FY2012-Q1,2012-05-23,2012-05-23,0001045810-12-000027,FCF,-38131000.0,USD
NVDA,FY2012-Q1,2012-05-23,2012-05-23,0001045810-12-000027,FCF_margin,-0.04122818493702406,ratio
NVDA,FY2012-Q1,2012-05-23,2012-05-23,0001045810-12-000027,debt_to_equity,,ratio
NVDA,FY2012-Q1,2012-05-23,2012-05-23,0001045810-12-000027,current_ratio,4.255962609404224,ratio
NVDA,FY2012-Q1,2012-05-23,2012-05-23,0001045810-12-000027,R&D_%_revenue,0.306961898717343,ratio
NVDA,FY2012-Q1,2012-05-23,2012-05-23,0001045810-12-000027,SG&A_%_revenue,0.11529749361266417,ratio
NVDA,FY2012-Q1,2012-05-23,2012-05-23,0001045810-12-000027,diluted_EPS,0.1,USD/shares
NVDA,FY2012-Q1,2012-05-23,2012-05-23,0001045810-12-000027,revenue,924877000.0,USD
NVDA,FY2012-Q1,2012-05-23,2012-05-23,0001045810-12-000027,net_income,60437000.0,USD
NVDA,FY2012-Q1,2012-05-23,2012-05-23,0001045810-12-000027,operating_income,72826000.0,USD
NVDA,FY2012-Q1,2012-05-23,2012-05-23,0001045810-12-000027,operating_cash_flow,-9208000.0,USD
NVDA,FY2012-Q1,2012-05-23,2012-05-23,0001045810-12-000027,capex,28923000.0,USD
NVDA,FY2012-Q1,2012-05-23,2012-05-23,0001045810-12-000027,cash_and_securities,369135000.0,USD
NVDA,FY2012-Q1,2012-05-23,2012-05-23,0001045810-12-000027,total_debt,,USD
NVDA,FY2012-Q1,2012-05-23,2012-05-23,0001045810-12-000027,long_term_debt,,USD
NVDA,FY2012-Q1,2012-05-23,2012-05-23,0001045810-12-000027,short_term_debt,,USD
NVDA,FY2012-Q1,2012-05-23,2012-05-23,0001045810-12-000027,diluted_shares,623786000.0,shares
NVDA,FY2012-Q2,2012-08-22,2012-08-22,0001045810-12-000036,gross_margin,0.5099075894283159,ratio
NVDA,FY2012-Q2,2012-08-22,2012-08-22,0001045810-12-000036,operating_margin,0.10788884730291848,ratio
NVDA,FY2012-Q2,2012-08-22,2012-08-22,0001045810-12-000036,net_margin,0.09114758827045416,ratio
NVDA,FY2012-Q2,2012-08-22,2012-08-22,0001045810-12-000036,ROE,0.040300067472519824,ratio
NVDA,FY2012-Q2,2012-08-22,2012-08-22,0001045810-12-000036,ROA,0.030462767323372622,ratio
NVDA,FY2012-Q2,2012-08-22,2012-08-22,0001045810-12-000036,FCF,100811000.0,USD
NVDA,FY2012-Q2,2012-08-22,2012-08-22,0001045810-12-000036,FCF_margin,0.05119526373602377,ratio
NVDA,FY2012-Q2,2012-08-22,2012-08-22,0001045810-12-000036,debt_to_equity,,ratio
NVDA,FY2012-Q2,2012-08-22,2012-08-22,0001045810-12-000036,current_ratio,4.123303260401581,ratio
NVDA,FY2012-Q2,2012-08-22,2012-08-22,0001045810-12-000036,R&D_%_revenue,0.2869745123142152,ratio
NVDA,FY2012-Q2,2012-08-22,2012-08-22,0001045810-12-000036,SG&A_%_revenue,0.1150442298111822,ratio
NVDA,FY2012-Q2,2012-08-22,2012-08-22,0001045810-12-000036,diluted_EPS,0.29,USD/shares
NVDA,FY2012-Q2,2012-08-22,2012-08-22,0001045810-12-000036,revenue,1969147000.0,USD
NVDA,FY2012-Q2,2012-08-22,2012-08-22,0001045810-12-000036,net_income,179483000.0,USD
NVDA,FY2012-Q2,2012-08-22,2012-08-22,0001045810-12-000036,operating_income,212449000.0,USD
NVDA,FY2012-Q2,2012-08-22,2012-08-22,0001045810-12-000036,operating_cash_flow,191678000.0,USD
NVDA,FY2012-Q2,2012-08-22,2012-08-22,0001045810-12-000036,capex,90867000.0,USD
NVDA,FY2012-Q2,2012-08-22,2012-08-22,0001045810-12-000036,cash_and_securities,499618000.0,USD
NVDA,FY2012-Q2,2012-08-22,2012-08-22,0001045810-12-000036,total_debt,,USD
NVDA,FY2012-Q2,2012-08-22,2012-08-22,0001045810-12-000036,long_term_debt,,USD
NVDA,FY2012-Q2,2012-08-22,2012-08-22,0001045810-12-000036,short_term_debt,,USD
NVDA,FY2012-Q2,2012-08-22,2012-08-22,0001045810-12-000036,diluted_shares,623397000.0,shares
NVDA,FY2012-Q3,2012-11-19,2012-11-19,0001045810-12-000060,gross_margin,0.517052668598856,ratio
NVDA,FY2012-Q3,2012-11-19,2012-11-19,0001045810-12-000060,operating_margin,0.14643188370812701,ratio
NVDA,FY2012-Q3,2012-11-19,2012-11-19,0001045810-12-000060,net_margin,0.12244926900027323,ratio
NVDA,FY2012-Q3,2012-11-19,2012-11-19,0001045810-12-000060,ROE,0.08227306162428333,ratio
NVDA,FY2012-Q3,2012-11-19,2012-11-19,0001045810-12-000060,ROA,0.06395947157795766,ratio
NVDA,FY2012-Q3,2012-11-19,2012-11-19,0001045810-12-000060,FCF,237612000.0,USD
NVDA,FY2012-Q3,2012-11-19,2012-11-19,0001045810-12-000060,FCF_margin,0.07487953229127045,ratio
NVDA,FY2012-Q3,2012-11-19,2012-11-19,0001045810-12-000060,debt_to_equity,,ratio
NVDA,FY2012-Q3,2012-11-19,2012-11-19,0001045810-12-000060,current_ratio,4.463395197905098,ratio
NVDA,FY2012-Q3,2012-11-19,2012-11-19,0001045810-12-000060,R&D_%_revenue,0.26763511433205694,ratio
NVDA,FY2012-Q3,2012-11-19,2012-11-19,0001045810-12-000060,SG&A_%_revenue,0.10298567055867205,ratio
NVDA,FY2012-Q3,2012-11-19,2012-11-19,0001045810-12-000060,diluted_EPS,0.62,USD/shares
NVDA,FY2012-Q3,2012-11-19,2012-11-19,0001045810-12-000060,revenue,3173257000.0,USD
NVDA,FY2012-Q3,2012-11-19,2012-11-19,0001045810-12-000060,net_income,388563000.0,USD
NVDA,FY2012-Q3,2012-11-19,2012-11-19,0001045810-12-000060,operating_income,464666000.0,USD
NVDA,FY2012-Q3,2012-11-19,2012-11-19,0001045810-12-000060,operating_cash_flow,373163000.0,USD
NVDA,FY2012-Q3,2012-11-19,2012-11-19,0001045810-12-000060,capex,135551000.0,USD
NVDA,FY2012-Q3,2012-11-19,2012-11-19,0001045810-12-000060,cash_and_securities,525388000.0,USD
NVDA,FY2012-Q3,2012-11-19,2012-11-19,0001045810-12-000060,total_debt,,USD
NVDA,FY2012-Q3,2012-11-19,2012-11-19,0001045810-12-000060,long_term_debt,,USD
NVDA,FY2012-Q3,2012-11-19,2012-11-19,0001045810-12-000060,short_term_debt,,USD
NVDA,FY2012-Q3,2012-11-19,2012-11-19,0001045810-12-000060,diluted_shares,625973000.0,shares
NVDA,FY2013,2014-03-13,2014-03-13,0001045810-14-000030,gross_margin,0.5491525423728814,ratio
NVDA,FY2013,2014-03-13,2014-03-13,0001045810-14-000030,operating_margin,0.12009685230024213,ratio
NVDA,FY2013,2014-03-13,2014-03-13,0001045810-14-000030,net_margin,0.10653753026634383,ratio
NVDA,FY2013,2014-03-13,2014-03-13,0001045810-14-000030,ROE,0.09873444876332858,ratio
NVDA,FY2013,2014-03-13,2014-03-13,0001045810-14-000030,ROA,0.060682172432806214,ratio
NVDA,FY2013,2014-03-13,2014-03-13,0001045810-14-000030,FCF,,USD
NVDA,FY2013,2014-03-13,2014-03-13,0001045810-14-000030,FCF_margin,,ratio
NVDA,FY2013,2014-03-13,2014-03-13,0001045810-14-000030,debt_to_equity,0.30436576804854504,ratio
NVDA,FY2013,2014-03-13,2014-03-13,0001045810-14-000030,current_ratio,5.948952718996167,ratio
NVDA,FY2013,2014-03-13,2014-03-13,0001045810-14-000030,R&D_%_revenue,0.32348668280871673,ratio
NVDA,FY2013,2014-03-13,2014-03-13,0001045810-14-000030,SG&A_%_revenue,0.10556900726392252,ratio
NVDA,FY2013,2014-03-13,2014-03-13,0001045810-14-000030,diluted_EPS,0.74,USD/shares
NVDA,FY2013,2014-03-13,2014-03-13,0001045810-14-000030,revenue,4130000000.0,USD
NVDA,FY2013,2014-03-13,2014-03-13,0001045810-14-000030,net_income,440000000.0,USD
NVDA,FY2013,2014-03-13,2014-03-13,0001045810-14-000030,operating_income,496000000.0,USD
NVDA,FY2013,2014-03-13,2014-03-13,0001045810-14-000030,operating_cash_flow,835000000.0,USD
NVDA,FY2013,2014-03-13,2014-03-13,0001045810-14-000030,capex,,USD
NVDA,FY2013,2014-03-13,2014-03-13,0001045810-14-000030,cash_and_securities,1151587000.0,USD
NVDA,FY2013,2014-03-13,2014-03-13,0001045810-14-000030,total_debt,1356375000.0,USD
NVDA,FY2013,2014-03-13,2014-03-13,0001045810-14-000030,long_term_debt,1356375000.0,USD
NVDA,FY2013,2014-03-13,2014-03-13,0001045810-14-000030,short_term_debt,,USD
NVDA,FY2013,2014-03-13,2014-03-13,0001045810-14-000030,diluted_shares,595000000.0,shares
NVDA,FY2013-Q1,2013-05-22,2013-05-22,0001045810-13-000054,gross_margin,0.5431515838360013,ratio
NVDA,FY2013-Q1,2013-05-22,2013-05-22,0001045810-13-000054,operating_margin,0.08670537183460611,ratio
NVDA,FY2013-Q1,2013-05-22,2013-05-22,0001045810-13-000054,net_margin,0.08158355320145087,ratio
NVDA,FY2013-Q1,2013-05-22,2013-05-22,0001045810-13-000054,ROE,0.01614342656565807,ratio
NVDA,FY2013-Q1,2013-05-22,2013-05-22,0001045810-13-000054,ROA,0.012403959724992026,ratio
NVDA,FY2013-Q1,2013-05-22,2013-05-22,0001045810-13-000054,FCF,109983000.0,USD
NVDA,FY2013-Q1,2013-05-22,2013-05-22,0001045810-13-000054,FCF_margin,0.11519692816570812,ratio
NVDA,FY2013-Q1,2013-05-22,2013-05-22,0001045810-13-000054,debt_to_equity,,ratio
NVDA,FY2013-Q1,2013-05-22,2013-05-22,0001045810-13-000054,current_ratio,4.977020820526007,ratio
NVDA,FY2013-Q1,2013-05-22,2013-05-22,0001045810-13-000054,R&D_%_revenue,0.34267061469155446,ratio
NVDA,FY2013-Q1,2013-05-22,2013-05-22,0001045810-13-000054,SG&A_%_revenue,0.1137755973098407,ratio
NVDA,FY2013-Q1,2013-05-22,2013-05-22,0001045810-13-000054,diluted_EPS,0.13,USD/shares
NVDA,FY2013-Q1,2013-05-22,2013-05-22,0001045810-13-000054,revenue,954739000.0,USD
NVDA,FY2013-Q1,2013-05-22,2013-05-22,0001045810-13-000054,net_income,77891000.0,USD
NVDA,FY2013-Q1,2013-05-22,2013-05-22,0001045810-13-000054,operating_income,82781000.0,USD
NVDA,FY2013-Q1,2013-05-22,2013-05-22,0001045810-13-000054,operating_cash_flow,175650000.0,USD
NVDA,FY2013-Q1,2013-05-22,2013-05-22,0001045810-13-000054,capex,65667000.0,USD
NVDA,FY2013-Q1,2013-05-22,2013-05-22,0001045810-13-000054,cash_and_securities,561423000.0,USD
NVDA,FY2013-Q1,2013-05-22,2013-05-22,0001045810-13-000054,total_debt,,USD
NVDA,FY2013-Q1,2013-05-22,2013-05-22,0001045810-13-000054,long_term_debt,,USD
NVDA,FY2013-Q1,2013-05-22,2013-05-22,0001045810-13-000054,short_term_debt,,USD
NVDA,FY2013-Q1,2013-05-22,2013-05-22,0001045810-13-000054,diluted_shares,619302000.0,shares
NVDA,FY2013-Q2,2013-08-21,2013-08-21,0001045810-13-000075,gross_margin,0.5507860600824958,ratio
NVDA,FY2013-Q2,2013-08-21,2013-08-21,0001045810-13-000075,operating_margin,0.0974726924802935,ratio
NVDA,FY2013-Q2,2013-08-21,2013-08-21,0001045810-13-000075,net_margin,0.09023865190941714,ratio
NVDA,FY2013-Q2,2013-08-21,2013-08-21,0001045810-13-000075,ROE,0.04178613878187697,ratio
NVDA,FY2013-Q2,2013-08-21,2013-08-21,0001045810-13-000075,ROA,0.03130193378617321,ratio
NVDA,FY2013-Q2,2013-08-21,2013-08-21,0001045810-13-000075,FCF,121466000.0,USD
NVDA,FY2013-Q2,2013-08-21,2013-08-21,0001045810-13-000075,FCF_margin,0.06287134888251775,ratio
NVDA,FY2013-Q2,2013-08-21,2013-08-21,0001045810-13-000075,debt_to_equity,,ratio
NVDA,FY2013-Q2,2013-08-21,2013-08-21,0001045810-13-000075,current_ratio,4.191756492635642,ratio
NVDA,FY2013-Q2,2013-08-21,2013-08-21,0001045810-13-000075,R&D_%_revenue,0.3410490911641288,ratio
NVDA,FY2013-Q2,2013-08-21,2013-08-21,0001045810-13-000075,SG&A_%_revenue,0.11226427643807353,ratio
NVDA,FY2013-Q2,2013-08-21,2013-08-21,0001045810-13-000075,diluted_EPS,0.29,USD/shares
NVDA,FY2013-Q2,2013-08-21,2013-08-21,0001045810-13-000075,revenue,1931977000.0,USD
NVDA,FY2013-Q2,2013-08-21,2013-08-21,0001045810-13-000075,net_income,174339000.0,USD
NVDA,FY2013-Q2,2013-08-21,2013-08-21,0001045810-13-000075,operating_income,188315000.0,USD
NVDA,FY2013-Q2,2013-08-21,2013-08-21,0001045810-13-000075,operating_cash_flow,272119000.0,USD
NVDA,FY2013-Q2,2013-08-21,2013-08-21,0001045810-13-000075,capex,150653000.0,USD
NVDA,FY2013-Q2,2013-08-21,2013-08-21,0001045810-13-000075,cash_and_securities,591321000.0,USD
NVDA,FY2013-Q2,2013-08-21,2013-08-21,0001045810-13-000075,total_debt,,USD
NVDA,FY2013-Q2,2013-08-21,2013-08-21,0001045810-13-000075,long_term_debt,,USD
NVDA,FY2013-Q2,2013-08-21,2013-08-21,0001045810-13-000075,short_term_debt,,USD
NVDA,FY2013-Q2,2013-08-21,2013-08-21,0001045810-13-000075,diluted_shares,606051000.0,shares
NVDA,FY2013-Q3,2013-11-19,2013-11-19,0001045810-13-000109,gross_margin,0.5520937432182251,ratio
NVDA,FY2013-Q3,2013-11-19,2013-11-19,0001045810-13-000109,operating_margin,0.11028438577548674,ratio
NVDA,FY2013-Q3,2013-11-19,2013-11-19,0001045810-13-000109,net_margin,0.09815086954075496,ratio
NVDA,FY2013-Q3,2013-11-19,2013-11-19,0001045810-13-000109,ROE,0.0678308133018041,ratio
NVDA,FY2013-Q3,2013-11-19,2013-11-19,0001045810-13-000109,ROA,0.05131393099347565,ratio
NVDA,FY2013-Q3,2013-11-19,2013-11-19,0001045810-13-000109,FCF,245622000.0,USD
NVDA,FY2013-Q3,2013-11-19,2013-11-19,0001045810-13-000109,FCF_margin,0.08225941276862526,ratio
NVDA,FY2013-Q3,2013-11-19,2013-11-19,0001045810-13-000109,debt_to_equity,,ratio
NVDA,FY2013-Q3,2013-11-19,2013-11-19,0001045810-13-000109,current_ratio,4.107647929309168,ratio
NVDA,FY2013-Q3,2013-11-19,2013-11-19,0001045810-13-000109,R&D_%_revenue,0.33463219671902755,ratio
NVDA,FY2013-Q3,2013-11-19,2013-11-19,0001045810-13-000109,SG&A_%_revenue,0.10717716072371082,ratio
NVDA,FY2013-Q3,2013-11-19,2013-11-19,0001045810-13-000109,diluted_EPS,0.49,USD/shares
NVDA,FY2013-Q3,2013-11-19,2013-11-19,0001045810-13-000109,revenue,2985944000.0,USD
NVDA,FY2013-Q3,2013-11-19,2013-11-19,0001045810-13-000109,net_income,293073000.0,USD
NVDA,FY2013-Q3,2013-11-19,2013-11-19,0001045810-13-000109,operating_income,329303000.0,USD
NVDA,FY2013-Q3,2013-11-19,2013-11-19,0001045810-13-000109,operating_cash_flow,434434000.0,USD
NVDA,FY2013-Q3,2013-11-19,2013-11-19,0001045810-13-000109,capex,188812000.0,USD
NVDA,FY2013-Q3,2013-11-19,2013-11-19,0001045810-13-000109,cash_and_securities,562084000.0,USD
NVDA,FY2013-Q3,2013-11-19,2013-11-19,0001045810-13-000109,total_debt,,USD
NVDA,FY2013-Q3,2013-11-19,2013-11-19,0001045810-13-000109,long_term_debt,,USD
NVDA,FY2013-Q3,2013-11-19,2013-11-19,0001045810-13-000109,short_term_debt,,USD
NVDA,FY2013-Q3,2013-11-19,2013-11-19,0001045810-13-000109,diluted_shares,600108000.0,shares
NVDA,FY2014-Q1,2014-05-21,2014-05-21,0001045810-14-000085,gross_margin,0.5478864005469778,ratio
NVDA,FY2014-Q1,2014-05-21,2014-05-21,0001045810-14-000085,operating_margin,0.13725134590814,ratio
NVDA,FY2014-Q1,2014-05-21,2014-05-21,0001045810-14-000085,net_margin,0.12379181111130255,ratio
NVDA,FY2014-Q1,2014-05-21,2014-05-21,0001045810-14-000085,ROE,0.03276133703385061,ratio
NVDA,FY2014-Q1,2014-05-21,2014-05-21,0001045810-14-000085,ROA,0.01988677375713855,ratio
NVDA,FY2014-Q1,2014-05-21,2014-05-21,0001045810-14-000085,FCF,121954000.0,USD
NVDA,FY2014-Q1,2014-05-21,2014-05-21,0001045810-14-000085,FCF_margin,0.11058708526669248,ratio
NVDA,FY2014-Q1,2014-05-21,2014-05-21,0001045810-14-000085,debt_to_equity,0.3271612448808911,ratio
NVDA,FY2014-Q1,2014-05-21,2014-05-21,0001045810-14-000085,current_ratio,5.873185996915178,ratio
NVDA,FY2014-Q1,2014-05-21,2014-05-21,0001045810-14-000085,R&D_%_revenue,0.3031074903857227,ratio
NVDA,FY2014-Q1,2014-05-21,2014-05-21,0001045810-14-000085,SG&A_%_revenue,0.10752756425311506,ratio
NVDA,FY2014-Q1,2014-05-21,2014-05-21,0001045810-14-000085,diluted_EPS,0.24,USD/shares
NVDA,FY2014-Q1,2014-05-21,2014-05-21,0001045810-14-000085,revenue,1102787000.0,USD
NVDA,FY2014-Q1,2014-05-21,2014-05-21,0001045810-14-000085,net_income,136516000.0,USD
NVDA,FY2014-Q1,2014-05-21,2014-05-21,0001045810-14-000085,operating_income,151359000.0,USD
NVDA,FY2014-Q1,2014-05-21,2014-05-21,0001045810-14-000085,operating_cash_flow,151022000.0,USD
NVDA,FY2014-Q1,2014-05-21,2014-05-21,0001045810-14-000085,capex,29068000.0,USD
NVDA,FY2014-Q1,2014-05-21,2014-05-21,0001045810-14-000085,cash_and_securities,509165000.0,USD
NVDA,FY2014-Q1,2014-05-21,2014-05-21,0001045810-14-000085,total_debt,1363276000.0,USD
NVDA,FY2014-Q1,2014-05-21,2014-05-21,0001045810-14-000085,long_term_debt,1363276000.0,USD
NVDA,FY2014-Q1,2014-05-21,2014-05-21,0001045810-14-000085,short_term_debt,,USD
NVDA,FY2014-Q1,2014-05-21,2014-05-21,0001045810-14-000085,diluted_shares,570422000.0,shares
NVDA,FY2015,2015-03-12,2015-03-12,0001045810-15-000036,gross_margin,0.555104656129859,ratio
NVDA,FY2015,2015-03-12,2015-03-12,0001045810-15-000036,operating_margin,0.16211020931225972,ratio
NVDA,FY2015,2015-03-12,2015-03-12,0001045810-15-000036,net_margin,0.13477146518581803,ratio
NVDA,FY2015,2015-03-12,2015-03-12,0001045810-15-000036,ROE,0.14282538951041449,ratio
NVDA,FY2015,2015-03-12,2015-03-12,0001045810-15-000036,ROA,0.08762224066316289,ratio
NVDA,FY2015,2015-03-12,2015-03-12,0001045810-15-000036,FCF,,USD
NVDA,FY2015,2015-03-12,2015-03-12,0001045810-15-000036,FCF_margin,,ratio
NVDA,FY2015,2015-03-12,2015-03-12,0001045810-15-000036,debt_to_equity,0.31334260755249793,ratio
NVDA,FY2015,2015-03-12,2015-03-12,0001045810-15-000036,current_ratio,6.376234054663349,ratio
NVDA,FY2015,2015-03-12,2015-03-12,0001045810-15-000036,R&D_%_revenue,0.290474156343443,ratio
NVDA,FY2015,2015-03-12,2015-03-12,0001045810-15-000036,SG&A_%_revenue,0.10252029047415634,ratio
NVDA,FY2015,2015-03-12,2015-03-12,0001045810-15-000036,diluted_EPS,1.12,USD/shares
NVDA,FY2015,2015-03-12,2015-03-12,0001045810-15-000036,revenue,4682000000.0,USD
NVDA,FY2015,2015-03-12,2015-03-12,0001045810-15-000036,net_income,631000000.0,USD
NVDA,FY2015,2015-03-12,2015-03-12,0001045810-15-000036,operating_income,759000000.0,USD
NVDA,FY2015,2015-03-12,2015-03-12,0001045810-15-000036,operating_cash_flow,906000000.0,USD
NVDA,FY2015,2015-03-12,2015-03-12,0001045810-15-000036,capex,,USD
NVDA,FY2015,2015-03-12,2015-03-12,0001045810-15-000036,cash_and_securities,496654000.0,USD
NVDA,FY2015,2015-03-12,2015-03-12,0001045810-15-000036,total_debt,1384342000.0,USD
NVDA,FY2015,2015-03-12,2015-03-12,0001045810-15-000036,long_term_debt,1384342000.0,USD
NVDA,FY2015,2015-03-12,2015-03-12,0001045810-15-000036,short_term_debt,,USD
NVDA,FY2015,2015-03-12,2015-03-12,0001045810-15-000036,diluted_shares,563000000.0,shares
NVDA,FY2015-Q2,2014-08-20,2014-08-20,0001045810-14-000158,gross_margin,0.554574673412492,ratio
NVDA,FY2015-Q2,2014-08-20,2014-08-20,0001045810-14-000158,operating_margin,0.14260810269807322,ratio
NVDA,FY2015-Q2,2014-08-20,2014-08-20,0001045810-14-000158,net_margin,0.11991779148725681,ratio
NVDA,FY2015-Q2,2014-08-20,2014-08-20,0001045810-14-000158,ROE,0.061441381755097696,ratio
NVDA,FY2015-Q2,2014-08-20,2014-08-20,0001045810-14-000158,ROA,0.03814576275733124,ratio
NVDA,FY2015-Q2,2014-08-20,2014-08-20,0001045810-14-000158,FCF,195709000.0,USD
NVDA,FY2015-Q2,2014-08-20,2014-08-20,0001045810-14-000158,FCF_margin,0.08873232859284796,ratio
NVDA,FY2015-Q2,2014-08-20,2014-08-20,0001045810-14-000158,debt_to_equity,0.3183082736284684,ratio
NVDA,FY2015-Q2,2014-08-20,2014-08-20,0001045810-14-000158,current_ratio,6.190176683407599,ratio
NVDA,FY2015-Q2,2014-08-20,2014-08-20,0001045810-14-000158,R&D_%_revenue,0.3043995518702074,ratio
NVDA,FY2015-Q2,2014-08-20,2014-08-20,0001045810-14-000158,SG&A_%_revenue,0.10756701884421142,ratio
NVDA,FY2015-Q2,2014-08-20,2014-08-20,0001045810-14-000158,diluted_EPS,0.46,USD/shares
NVDA,FY2015-Q2,2014-08-20,2014-08-20,0001045810-14-000158,revenue,2205611000.0,USD
NVDA,FY2015-Q2,2014-08-20,2014-08-20,0001045810-14-000158,net_income,264492000.0,USD
NVDA,FY2015-Q2,2014-08-20,2014-08-20,0001045810-14-000158,operating_income,314538000.0,USD
NVDA,FY2015-Q2,2014-08-20,2014-08-20,0001045810-14-000158,operating_cash_flow,247304000.0,USD
NVDA,FY2015-Q2,2014-08-20,2014-08-20,0001045810-14-000158,capex,51595000.0,USD
NVDA,FY2015-Q2,2014-08-20,2014-08-20,0001045810-14-000158,cash_and_securities,515092000.0,USD
NVDA,FY2015-Q2,2014-08-20,2014-08-20,0001045810-14-000158,total_debt,1370249000.0,USD
NVDA,FY2015-Q2,2014-08-20,2014-08-20,0001045810-14-000158,long_term_debt,1370249000.0,USD
NVDA,FY2015-Q2,2014-08-20,2014-08-20,0001045810-14-000158,short_term_debt,,USD
NVDA,FY2015-Q2,2014-08-20,2014-08-20,0001045810-14-000158,diluted_shares,570599000.0,shares
NVDA,FY2015-Q3,2014-11-19,2014-11-19,0001045810-14-000188,gross_margin,0.5537388155557298,ratio
NVDA,FY2015-Q3,2014-11-19,2014-11-19,0001045810-14-000188,operating_margin,0.1538484631125741,ratio
NVDA,FY2015-Q3,2014-11-19,2014-11-19,0001045810-14-000188,net_margin,0.12750215462404033,ratio
NVDA,FY2015-Q3,2014-11-19,2014-11-19,0001045810-14-000188,ROE,0.10404312617178404,ratio
NVDA,FY2015-Q3,2014-11-19,2014-11-19,0001045810-14-000188,ROA,0.06352996259440892,ratio
NVDA,FY2015-Q3,2014-11-19,2014-11-19,0001045810-14-000188,FCF,371591000.0,USD
NVDA,FY2015-Q3,2014-11-19,2014-11-19,0001045810-14-000188,FCF_margin,0.10830421396954176,ratio
NVDA,FY2015-Q3,2014-11-19,2014-11-19,0001045810-14-000188,debt_to_equity,0.3275605986120416,ratio
NVDA,FY2015-Q3,2014-11-19,2014-11-19,0001045810-14-000188,current_ratio,5.719101580778386,ratio
NVDA,FY2015-Q3,2014-11-19,2014-11-19,0001045810-14-000188,R&D_%_revenue,0.29480444874122447,ratio
NVDA,FY2015-Q3,2014-11-19,2014-11-19,0001045810-14-000188,SG&A_%_revenue,0.10508590370193119,ratio
NVDA,FY2015-Q3,2014-11-19,2014-11-19,0001045810-14-000188,diluted_EPS,0.77,USD/shares
NVDA,FY2015-Q3,2014-11-19,2014-11-19,0001045810-14-000188,revenue,3430993000.0,USD
NVDA,FY2015-Q3,2014-11-19,2014-11-19,0001045810-14-000188,net_income,437459000.0,USD
NVDA,FY2015-Q3,2014-11-19,2014-11-19,0001045810-14-000188,operating_income,527853000.0,USD
NVDA,FY2015-Q3,2014-11-19,2014-11-19,0001045810-14-000188,operating_cash_flow,462927000.0,USD
NVDA,FY2015-Q3,2014-11-19,2014-11-19,0001045810-14-000188,capex,91336000.0,USD
NVDA,FY2015-Q3,2014-11-19,2014-11-19,0001045810-14-000188,cash_and_securities,394683000.0,USD
NVDA,FY2015-Q3,2014-11-19,2014-11-19,0001045810-14-000188,total_debt,1377259000.0,USD
NVDA,FY2015-Q3,2014-11-19,2014-11-19,0001045810-14-000188,long_term_debt,1377259000.0,USD
NVDA,FY2015-Q3,2014-11-19,2014-11-19,0001045810-14-000188,short_term_debt,,USD
NVDA,FY2015-Q3,2014-11-19,2014-11-19,0001045810-14-000188,diluted_shares,565653000.0,shares
NVDA,FY2016,2016-03-17,2016-03-17,0001045810-16-000205,gross_margin,0.5610778443113772,ratio
NVDA,FY2016,2016-03-17,2016-03-17,0001045810-16-000205,operating_margin,0.14910179640718563,ratio
NVDA,FY2016,2016-03-17,2016-03-17,0001045810-16-000205,net_margin,0.12255489021956088,ratio
NVDA,FY2016,2016-03-17,2016-03-17,0001045810-16-000205,ROE,0.13739091519355562,ratio
NVDA,FY2016,2016-03-17,2016-03-17,0001045810-16-000205,ROA,0.08331071913161466,ratio
NVDA,FY2016,2016-03-17,2016-03-17,0001045810-16-000205,FCF,582000000.0,USD
NVDA,FY2016,2016-03-17,2016-03-17,0001045810-16-000205,FCF_margin,0.11616766467065869,ratio
NVDA,FY2016,2016-03-17,2016-03-17,0001045810-16-000205,debt_to_equity,0.3161781159095995,ratio
NVDA,FY2016,2016-03-17,2016-03-17,0001045810-16-000205,current_ratio,2.5746490854955337,ratio
NVDA,FY2016,2016-03-17,2016-03-17,0001045810-16-000205,R&D_%_revenue,0.2656686626746507,ratio
NVDA,FY2016,2016-03-17,2016-03-17,0001045810-16-000205,SG&A_%_revenue,0.12015968063872255,ratio
NVDA,FY2016,2016-03-17,2016-03-17,0001045810-16-000205,diluted_EPS,1.08,USD/shares
NVDA,FY2016,2016-03-17,2016-03-17,0001045810-16-000205,revenue,5010000000.0,USD
NVDA,FY2016,2016-03-17,2016-03-17,0001045810-16-000205,net_income,614000000.0,USD
NVDA,FY2016,2016-03-17,2016-03-17,0001045810-16-000205,operating_income,747000000.0,USD
NVDA,FY2016,2016-03-17,2016-03-17,0001045810-16-000205,operating_cash_flow,1175000000.0,USD
NVDA,FY2016,2016-03-17,2016-03-17,0001045810-16-000205,capex,593000000.0,USD
NVDA,FY2016,2016-03-17,2016-03-17,0001045810-16-000205,cash_and_securities,596000000.0,USD
NVDA,FY2016,2016-03-17,2016-03-17,0001045810-16-000205,total_debt,1413000000.0,USD
NVDA,FY2016,2016-03-17,2016-03-17,0001045810-16-000205,long_term_debt,1413000000.0,USD
NVDA,FY2016,2016-03-17,2016-03-17,0001045810-16-000205,short_term_debt,,USD
NVDA,FY2016,2016-03-17,2016-03-17,0001045810-16-000205,diluted_shares,569000000.0,shares
NVDA,FY2016-Q1,2015-05-20,2015-05-20,0001045810-15-000097,gross_margin,0.5673327541268463,ratio
NVDA,FY2016-Q1,2015-05-20,2015-05-20,0001045810-15-000097,operating_margin,0.1529105125977411,ratio
NVDA,FY2016-Q1,2015-05-20,2015-05-20,0001045810-15-000097,net_margin,0.11642050390964379,ratio
NVDA,FY2016-Q1,2015-05-20,2015-05-20,0001045810-15-000097,ROE,0.029411764705882353,ratio
NVDA,FY2016-Q1,2015-05-20,2015-05-20,0001045810-15-000097,ROA,0.018378823206693182,ratio
NVDA,FY2016-Q1,2015-05-20,2015-05-20,0001045810-15-000097,FCF,216000000.0,USD
NVDA,FY2016-Q1,2015-05-20,2015-05-20,0001045810-15-000097,FCF_margin,0.18766290182450043,ratio
NVDA,FY2016-Q1,2015-05-20,2015-05-20,0001045810-15-000097,debt_to_equity,0.3053116769095698,ratio
NVDA,FY2016-Q1,2015-05-20,2015-05-20,0001045810-15-000097,current_ratio,6.60475651189128,ratio
NVDA,FY2016-Q1,2015-05-20,2015-05-20,0001045810-15-000097,R&D_%_revenue,0.2945264986967854,ratio
NVDA,FY2016-Q1,2015-05-20,2015-05-20,0001045810-15-000097,SG&A_%_revenue,0.11989574283231973,ratio
NVDA,FY2016-Q1,2015-05-20,2015-05-20,0001045810-15-000097,diluted_EPS,0.24,USD/shares
NVDA,FY2016-Q1,2015-05-20,2015-05-20,0001045810-15-000097,revenue,1151000000.0,USD
NVDA,FY2016-Q1,2015-05-20,2015-05-20,0001045810-15-000097,net_income,134000000.0,USD
NVDA,FY2016-Q1,2015-05-20,2015-05-20,0001045810-15-000097,operating_income,176000000.0,USD
NVDA,FY2016-Q1,2015-05-20,2015-05-20,0001045810-15-000097,operating_cash_flow,246000000.0,USD
NVDA,FY2016-Q1,2015-05-20,2015-05-20,0001045810-15-000097,capex,30000000.0,USD
NVDA,FY2016-Q1,2015-05-20,2015-05-20,0001045810-15-000097,cash_and_securities,464000000.0,USD
NVDA,FY2016-Q1,2015-05-20,2015-05-20,0001045810-15-000097,total_debt,1391000000.0,USD
NVDA,FY2016-Q1,2015-05-20,2015-05-20,0001045810-15-000097,long_term_debt,1391000000.0,USD
NVDA,FY2016-Q1,2015-05-20,2015-05-20,0001045810-15-000097,short_term_debt,,USD
NVDA,FY2016-Q1,2015-05-20,2015-05-20,0001045810-15-000097,diluted_shares,568000000.0,shares
NVDA,FY2016-Q2,2015-08-19,2015-08-19,0001045810-15-000143,gross_margin,0.5581597222222222,ratio
NVDA,FY2016-Q2,2015-08-19,2015-08-19,0001045810-15-000143,operating_margin,0.10850694444444445,ratio
NVDA,FY2016-Q2,2015-08-19,2015-08-19,0001045810-15-000143,net_margin,0.06944444444444445,ratio
NVDA,FY2016-Q2,2015-08-19,2015-08-19,0001045810-15-000143,ROE,0.038231780167264036,ratio
NVDA,FY2016-Q2,2015-08-19,2015-08-19,0001045810-15-000143,ROA,0.022925920618999857,ratio
NVDA,FY2016-Q2,2015-08-19,2015-08-19,0001045810-15-000143,FCF,355000000.0,USD
NVDA,FY2016-Q2,2015-08-19,2015-08-19,0001045810-15-000143,FCF_margin,0.1540798611111111,ratio
NVDA,FY2016-Q2,2015-08-19,2015-08-19,0001045810-15-000143,debt_to_equity,0.3342891278375149,ratio
NVDA,FY2016-Q2,2015-08-19,2015-08-19,0001045810-15-000143,current_ratio,5.9914529914529915,ratio
NVDA,FY2016-Q2,2015-08-19,2015-08-19,0001045810-15-000143,R&D_%_revenue,0.2855902777777778,ratio
NVDA,FY2016-Q2,2015-08-19,2015-08-19,0001045810-15-000143,SG&A_%_revenue,0.1254340277777778,ratio
NVDA,FY2016-Q2,2015-08-19,2015-08-19,0001045810-15-000143,diluted_EPS,0.28,USD/shares
NVDA,FY2016-Q2,2015-08-19,2015-08-19,0001045810-15-000143,revenue,2304000000.0,USD
NVDA,FY2016-Q2,2015-08-19,2015-08-19,0001045810-15-000143,net_income,160000000.0,USD
NVDA,FY2016-Q2,2015-08-19,2015-08-19,0001045810-15-000143,operating_income,250000000.0,USD
NVDA,FY2016-Q2,2015-08-19,2015-08-19,0001045810-15-000143,operating_cash_flow,409000000.0,USD
NVDA,FY2016-Q2,2015-08-19,2015-08-19,0001045810-15-000143,capex,54000000.0,USD
NVDA,FY2016-Q2,2015-08-19,2015-08-19,0001045810-15-000143,cash_and_securities,435000000.0,USD
NVDA,FY2016-Q2,2015-08-19,2015-08-19,0001045810-15-000143,total_debt,1399000000.0,USD
NVDA,FY2016-Q2,2015-08-19,2015-08-19,0001045810-15-000143,long_term_debt,1399000000.0,USD
NVDA,FY2016-Q2,2015-08-19,2015-08-19,0001045810-15-000143,short_term_debt,,USD
NVDA,FY2016-Q2,2015-08-19,2015-08-19,0001045810-15-000143,diluted_shares,563000000.0,shares
NVDA,FY2016-Q3,2015-11-18,2015-11-18,0001045810-15-000173,gross_margin,0.5597118315322804,ratio
NVDA,FY2016-Q3,2015-11-18,2015-11-18,0001045810-15-000173,operating_margin,0.1371571072319202,ratio
NVDA,FY2016-Q3,2015-11-18,2015-11-18,0001045810-15-000173,net_margin,0.11249653643668606,ratio
NVDA,FY2016-Q3,2015-11-18,2015-11-18,0001045810-15-000173,ROE,0.09092945128779395,ratio
NVDA,FY2016-Q3,2015-11-18,2015-11-18,0001045810-15-000173,ROA,0.05659325341511012,ratio
NVDA,FY2016-Q3,2015-11-18,2015-11-18,0001045810-15-000173,FCF,593000000.0,USD
NVDA,FY2016-Q3,2015-11-18,2015-11-18,0001045810-15-000173,FCF_margin,0.16431144361318925,ratio
NVDA,FY2016-Q3,2015-11-18,2015-11-18,0001045810-15-000173,debt_to_equity,0.3148936170212766,ratio
NVDA,FY2016-Q3,2015-11-18,2015-11-18,0001045810-15-000173,current_ratio,6.823391812865497,ratio
NVDA,FY2016-Q3,2015-11-18,2015-11-18,0001045810-15-000173,R&D_%_revenue,0.2734829592684954,ratio
NVDA,FY2016-Q3,2015-11-18,2015-11-18,0001045810-15-000173,SG&A_%_revenue,0.12219451371571072,ratio
NVDA,FY2016-Q3,2015-11-18,2015-11-18,0001045810-15-000173,diluted_EPS,0.72,USD/shares
NVDA,FY2016-Q3,2015-11-18,2015-11-18,0001045810-15-000173,revenue,3609000000.0,USD
NVDA,FY2016-Q3,2015-11-18,2015-11-18,0001045810-15-000173,net_income,406000000.0,USD
NVDA,FY2016-Q3,2015-11-18,2015-11-18,0001045810-15-000173,operating_income,495000000.0,USD
NVDA,FY2016-Q3,2015-11-18,2015-11-18,0001045810-15-000173,operating_cash_flow,664000000.0,USD
NVDA,FY2016-Q3,2015-11-18,2015-11-18,0001045810-15-000173,capex,71000000.0,USD
NVDA,FY2016-Q3,2015-11-18,2015-11-18,0001045810-15-000173,cash_and_securities,471000000.0,USD
NVDA,FY2016-Q3,2015-11-18,2015-11-18,0001045810-15-000173,total_debt,1406000000.0,USD
NVDA,FY2016-Q3,2015-11-18,2015-11-18,0001045810-15-000173,long_term_debt,1406000000.0,USD
NVDA,FY2016-Q3,2015-11-18,2015-11-18,0001045810-15-000173,short_term_debt,,USD
NVDA,FY2016-Q3,2015-11-18,2015-11-18,0001045810-15-000173,diluted_shares,563000000.0,shares
NVDA,FY2017,2017-03-01,2017-03-01,0001045810-17-000027,gross_margin,0.5879884225759768,ratio
NVDA,FY2017,2017-03-01,2017-03-01,0001045810-17-000027,operating_margin,0.27988422575976846,ratio
NVDA,FY2017,2017-03-01,2017-03-01,0001045810-17-000027,net_margin,0.2410998552821997,ratio
NVDA,FY2017,2017-03-01,2017-03-01,0001045810-17-000027,ROE,0.28913571676501215,ratio
NVDA,FY2017,2017-03-01,2017-03-01,0001045810-17-000027,ROA,0.16929173864444672,ratio
NVDA,FY2017,2017-03-01,2017-03-01,0001045810-17-000027,FCF,1072000000.0,USD
NVDA,FY2017,2017-03-01,2017-03-01,0001045810-17-000027,FCF_margin,0.15513748191027496,ratio
NVDA,FY2017,2017-03-01,2017-03-01,0001045810-17-000027,debt_to_equity,0.3441513363415481,ratio
NVDA,FY2017,2017-03-01,2017-03-01,0001045810-17-000027,current_ratio,4.774049217002237,ratio
NVDA,FY2017,2017-03-01,2017-03-01,0001045810-17-000027,R&D_%_revenue,0.2117221418234443,ratio
NVDA,FY2017,2017-03-01,2017-03-01,0001045810-17-000027,SG&A_%_revenue,0.0959479015918958,ratio
NVDA,FY2017,2017-03-01,2017-03-01,0001045810-17-000027,diluted_EPS,2.57,USD/shares
NVDA,FY2017,2017-03-01,2017-03-01,0001045810-17-000027,revenue,6910000000.0,USD
NVDA,FY2017,2017-03-01,2017-03-01,0001045810-17-000027,net_income,1666000000.0,USD
NVDA,FY2017,2017-03-01,2017-03-01,0001045810-17-000027,operating_income,1934000000.0,USD
NVDA,FY2017,2017-03-01,2017-03-01,0001045810-17-000027,operating_cash_flow,1672000000.0,USD
NVDA,FY2017,2017-03-01,2017-03-01,0001045810-17-000027,capex,600000000.0,USD
NVDA,FY2017,2017-03-01,2017-03-01,0001045810-17-000027,cash_and_securities,1766000000.0,USD
NVDA,FY2017,2017-03-01,2017-03-01,0001045810-17-000027,total_debt,1983000000.0,USD
NVDA,FY2017,2017-03-01,2017-03-01,0001045810-17-000027,long_term_debt,1983000000.0,USD
NVDA,FY2017,2017-03-01,2017-03-01,0001045810-17-000027,short_term_debt,,USD
NVDA,FY2017,2017-03-01,2017-03-01,0001045810-17-000027,diluted_shares,649000000.0,shares
NVDA,FY2017-Q1,2016-05-25,2016-05-25,0001045810-16-000275,gross_margin,0.5754789272030651,ratio
NVDA,FY2017-Q1,2016-05-25,2016-05-25,0001045810-16-000275,operating_margin,0.18773946360153257,ratio
NVDA,FY2017-Q1,2016-05-25,2016-05-25,0001045810-16-000275,net_margin,0.15019157088122606,ratio
NVDA,FY2017-Q1,2016-05-25,2016-05-25,0001045810-16-000275,ROE,0.04671115347950429,ratio
NVDA,FY2017-Q1,2016-05-25,2016-05-25,0001045810-16-000275,ROA,0.027574563871693866,ratio
NVDA,FY2017-Q1,2016-05-25,2016-05-25,0001045810-16-000275,FCF,254000000.0,USD
NVDA,FY2017-Q1,2016-05-25,2016-05-25,0001045810-16-000275,FCF_margin,0.1946360153256705,ratio
NVDA,FY2017-Q1,2016-05-25,2016-05-25,0001045810-16-000275,debt_to_equity,,ratio
NVDA,FY2017-Q1,2016-05-25,2016-05-25,0001045810-16-000275,current_ratio,2.4358435002103493,ratio
NVDA,FY2017-Q1,2016-05-25,2016-05-25,0001045810-16-000275,R&D_%_revenue,0.26513409961685824,ratio
NVDA,FY2017-Q1,2016-05-25,2016-05-25,0001045810-16-000275,SG&A_%_revenue,0.12183908045977011,ratio
NVDA,FY2017-Q1,2016-05-25,2016-05-25,0001045810-16-000275,diluted_EPS,0.33,USD/shares
NVDA,FY2017-Q1,2016-05-25,2016-05-25,0001045810-16-000275,revenue,1305000000.0,USD
NVDA,FY2017-Q1,2016-05-25,2016-05-25,0001045810-16-000275,net_income,196000000.0,USD
NVDA,FY2017-Q1,2016-05-25,2016-05-25,0001045810-16-000275,operating_income,245000000.0,USD
NVDA,FY2017-Q1,2016-05-25,2016-05-25,0001045810-16-000275,operating_cash_flow,309000000.0,USD
NVDA,FY2017-Q1,2016-05-25,2016-05-25,0001045810-16-000275,capex,55000000.0,USD
NVDA,FY2017-Q1,2016-05-25,2016-05-25,0001045810-16-000275,cash_and_securities,547000000.0,USD
NVDA,FY2017-Q1,2016-05-25,2016-05-25,0001045810-16-000275,total_debt,,USD
NVDA,FY2017-Q1,2016-05-25,2016-05-25,0001045810-16-000275,long_term_debt,,USD
NVDA,FY2017-Q1,2016-05-25,2016-05-25,0001045810-16-000275,short_term_debt,,USD
NVDA,FY2017-Q1,2016-05-25,2016-05-25,0001045810-16-000275,diluted_shares,597000000.0,shares
NVDA,FY2017-Q2,2016-08-23,2016-08-23,0001045810-16-000300,gross_margin,0.5770215879985364,ratio
NVDA,FY2017-Q2,2016-08-23,2016-08-23,0001045810-16-000300,operating_margin,0.2052689352360044,ratio
NVDA,FY2017-Q2,2016-08-23,2016-08-23,0001045810-16-000300,net_margin,0.16428832784485914,ratio
NVDA,FY2017-Q2,2016-08-23,2016-08-23,0001045810-16-000300,ROE,0.10022321428571429,ratio
NVDA,FY2017-Q2,2016-08-23,2016-08-23,0001045810-16-000300,ROA,0.06017960058973328,ratio
NVDA,FY2017-Q2,2016-08-23,2016-08-23,0001045810-16-000300,FCF,406000000.0,USD
NVDA,FY2017-Q2,2016-08-23,2016-08-23,0001045810-16-000300,FCF_margin,0.14855470179290156,ratio
NVDA,FY2017-Q2,2016-08-23,2016-08-23,0001045810-16-000300,debt_to_equity,,ratio
NVDA,FY2017-Q2,2016-08-23,2016-08-23,0001045810-16-000300,current_ratio,2.5575405068550063,ratio
NVDA,FY2017-Q2,2016-08-23,2016-08-23,0001045810-16-000300,R&D_%_revenue,0.2550311013538236,ratio
NVDA,FY2017-Q2,2016-08-23,2016-08-23,0001045810-16-000300,SG&A_%_revenue,0.11562385656787413,ratio
NVDA,FY2017-Q2,2016-08-23,2016-08-23,0001045810-16-000300,diluted_EPS,0.73,USD/shares
NVDA,FY2017-Q2,2016-08-23,2016-08-23,0001045810-16-000300,revenue,2733000000.0,USD
NVDA,FY2017-Q2,2016-08-23,2016-08-23,0001045810-16-000300,net_income,449000000.0,USD
NVDA,FY2017-Q2,2016-08-23,2016-08-23,0001045810-16-000300,operating_income,561000000.0,USD
NVDA,FY2017-Q2,2016-08-23,2016-08-23,0001045810-16-000300,operating_cash_flow,493000000.0,USD
NVDA,FY2017-Q2,2016-08-23,2016-08-23,0001045810-16-000300,capex,87000000.0,USD
NVDA,FY2017-Q2,2016-08-23,2016-08-23,0001045810-16-000300,cash_and_securities,426000000.0,USD
NVDA,FY2017-Q2,2016-08-23,2016-08-23,0001045810-16-000300,total_debt,,USD
NVDA,FY2017-Q2,2016-08-23,2016-08-23,0001045810-16-000300,long_term_debt,,USD
NVDA,FY2017-Q2,2016-08-23,2016-08-23,0001045810-16-000300,short_term_debt,,USD
NVDA,FY2017-Q2,2016-08-23,2016-08-23,0001045810-16-000300,diluted_shares,617000000.0,shares
NVDA,FY2017-Q3,2016-11-22,2016-11-22,0001045810-16-000353,gross_margin,0.5826472450918303,ratio
NVDA,FY2017-Q3,2016-11-22,2016-11-22,0001045810-16-000353,operating_margin,0.25353599324466963,ratio
NVDA,FY2017-Q3,2016-11-22,2016-11-22,0001045810-16-000353,net_margin,0.21363732320033776,ratio
NVDA,FY2017-Q3,2016-11-22,2016-11-22,0001045810-16-000353,ROE,0.19008264462809918,ratio
NVDA,FY2017-Q3,2016-11-22,2016-11-22,0001045810-16-000353,ROA,0.10528506034124012,ratio
NVDA,FY2017-Q3,2016-11-22,2016-11-22,0001045810-16-000353,FCF,826000000.0,USD
NVDA,FY2017-Q3,2016-11-22,2016-11-22,0001045810-16-000353,FCF_margin,0.17437196537893182,ratio
NVDA,FY2017-Q3,2016-11-22,2016-11-22,0001045810-16-000353,debt_to_equity,0.3722764838467318,ratio
NVDA,FY2017-Q3,2016-11-22,2016-11-22,0001045810-16-000353,current_ratio,4.070063694267516,ratio
NVDA,FY2017-Q3,2016-11-22,2016-11-22,0001045810-16-000353,R&D_%_revenue,0.22567025543592992,ratio
NVDA,FY2017-Q3,2016-11-22,2016-11-22,0001045810-16-000353,SG&A_%_revenue,0.10280768418830484,ratio
NVDA,FY2017-Q3,2016-11-22,2016-11-22,0001045810-16-000353,diluted_EPS,1.59,USD/shares
NVDA,FY2017-Q3,2016-11-22,2016-11-22,0001045810-16-000353,revenue,4737000000.0,USD
NVDA,FY2017-Q3,2016-11-22,2016-11-22,0001045810-16-000353,net_income,1012000000.0,USD
NVDA,FY2017-Q3,2016-11-22,2016-11-22,0001045810-16-000353,operating_income,1201000000.0,USD
NVDA,FY2017-Q3,2016-11-22,2016-11-22,0001045810-16-000353,operating_cash_flow,951000000.0,USD
NVDA,FY2017-Q3,2016-11-22,2016-11-22,0001045810-16-000353,capex,125000000.0,USD
NVDA,FY2017-Q3,2016-11-22,2016-11-22,0001045810-16-000353,cash_and_securities,1940000000.0,USD
NVDA,FY2017-Q3,2016-11-22,2016-11-22,0001045810-16-000353,total_debt,1982000000.0,USD
NVDA,FY2017-Q3,2016-11-22,2016-11-22,0001045810-16-000353,long_term_debt,1982000000.0,USD
NVDA,FY2017-Q3,2016-11-22,2016-11-22,0001045810-16-000353,short_term_debt,,USD
NVDA,FY2017-Q3,2016-11-22,2016-11-22,0001045810-16-000353,diluted_shares,636000000.0,shares
NVDA,FY2018,2018-02-28,2018-02-28,0001045810-18-000010,gross_margin,0.5993411570928556,ratio
NVDA,FY2018,2018-02-28,2018-02-28,0001045810-18-000010,operating_margin,0.3304508956145769,ratio
NVDA,FY2018,2018-02-28,2018-02-28,0001045810-18-000010,net_margin,0.3136709903232448,ratio
NVDA,FY2018,2018-02-28,2018-02-28,0001045810-18-000010,ROE,0.4078436621603534,ratio
NVDA,FY2018,2018-02-28,2018-02-28,0001045810-18-000010,ROA,0.2710612934792278,ratio
NVDA,FY2018,2018-02-28,2018-02-28,0001045810-18-000010,FCF,3013000000.0,USD
NVDA,FY2018,2018-02-28,2018-02-28,0001045810-18-000010,FCF_margin,0.3101708873790406,ratio
NVDA,FY2018,2018-02-28,2018-02-28,0001045810-18-000010,debt_to_equity,0.26569401686521216,ratio
NVDA,FY2018,2018-02-28,2018-02-28,0001045810-18-000010,current_ratio,8.026886383347788,ratio
NVDA,FY2018,2018-02-28,2018-02-28,0001045810-18-000010,R&D_%_revenue,0.18499073502161828,ratio
NVDA,FY2018,2018-02-28,2018-02-28,0001045810-18-000010,SG&A_%_revenue,0.08389952645666049,ratio
NVDA,FY2018,2018-02-28,2018-02-28,0001045810-18-000010,diluted_EPS,4.82,USD/shares
NVDA,FY2018,2018-02-28,2018-02-28,0001045810-18-000010,revenue,9714000000.0,USD
NVDA,FY2018,2018-02-28,2018-02-28,0001045810-18-000010,net_income,3047000000.0,USD
NVDA,FY2018,2018-02-28,2018-02-28,0001045810-18-000010,operating_income,3210000000.0,USD
NVDA,FY2018,2018-02-28,2018-02-28,0001045810-18-000010,operating_cash_flow,3502000000.0,USD
NVDA,FY2018,2018-02-28,2018-02-28,0001045810-18-000010,capex,489000000.0,USD
NVDA,FY2018,2018-02-28,2018-02-28,0001045810-18-000010,cash_and_securities,4002000000.0,USD
NVDA,FY2018,2018-02-28,2018-02-28,0001045810-18-000010,total_debt,1985000000.0,USD
NVDA,FY2018,2018-02-28,2018-02-28,0001045810-18-000010,long_term_debt,1985000000.0,USD
NVDA,FY2018,2018-02-28,2018-02-28,0001045810-18-000010,short_term_debt,,USD
NVDA,FY2018,2018-02-28,2018-02-28,0001045810-18-000010,diluted_shares,632000000.0,shares
NVDA,FY2018-Q1,2017-05-23,2017-05-23,0001045810-17-000075,gross_margin,0.5937016004130098,ratio
NVDA,FY2018-Q1,2017-05-23,2017-05-23,0001045810-17-000075,operating_margin,0.28600929272070214,ratio
NVDA,FY2018-Q1,2017-05-23,2017-05-23,0001045810-17-000075,net_margin,0.26174496644295303,ratio
NVDA,FY2018-Q1,2017-05-23,2017-05-23,0001045810-17-000075,ROE,0.08268101761252446,ratio
NVDA,FY2018-Q1,2017-05-23,2017-05-23,0001045810-17-000075,ROA,0.0538788522848034,ratio
NVDA,FY2018-Q1,2017-05-23,2017-05-23,0001045810-17-000075,FCF,228000000.0,USD
NVDA,FY2018-Q1,2017-05-23,2017-05-23,0001045810-17-000075,FCF_margin,0.11770779556014456,ratio
NVDA,FY2018-Q1,2017-05-23,2017-05-23,0001045810-17-000075,debt_to_equity,0.32354859752120024,ratio
NVDA,FY2018-Q1,2017-05-23,2017-05-23,0001045810-17-000075,current_ratio,8.256358087487284,ratio
NVDA,FY2018-Q1,2017-05-23,2017-05-23,0001045810-17-000075,R&D_%_revenue,0.2121837893649974,ratio
NVDA,FY2018-Q1,2017-05-23,2017-05-23,0001045810-17-000075,SG&A_%_revenue,0.09550851832731028,ratio
NVDA,FY2018-Q1,2017-05-23,2017-05-23,0001045810-17-000075,diluted_EPS,0.79,USD/shares
NVDA,FY2018-Q1,2017-05-23,2017-05-23,0001045810-17-000075,revenue,1937000000.0,USD
NVDA,FY2018-Q1,2017-05-23,2017-05-23,0001045810-17-000075,net_income,507000000.0,USD
NVDA,FY2018-Q1,2017-05-23,2017-05-23,0001045810-17-000075,operating_income,554000000.0,USD
NVDA,FY2018-Q1,2017-05-23,2017-05-23,0001045810-17-000075,operating_cash_flow,282000000.0,USD
NVDA,FY2018-Q1,2017-05-23,2017-05-23,0001045810-17-000075,capex,54000000.0,USD
NVDA,FY2018-Q1,2017-05-23,2017-05-23,0001045810-17-000075,cash_and_securities,1989000000.0,USD
NVDA,FY2018-Q1,2017-05-23,2017-05-23,0001045810-17-000075,total_debt,1984000000.0,USD
NVDA,FY2018-Q1,2017-05-23,2017-05-23,0001045810-17-000075,long_term_debt,1984000000.0,USD
NVDA,FY2018-Q1,2017-05-23,2017-05-23,0001045810-17-000075,short_term_debt,,USD
NVDA,FY2018-Q1,2017-05-23,2017-05-23,0001045810-17-000075,diluted_shares,641000000.0,shares
NVDA,FY2018-Q2,2017-08-23,2017-08-23,0001045810-17-000123,gross_margin,0.5884329253659707,ratio
NVDA,FY2018-Q2,2017-08-23,2017-08-23,0001045810-17-000123,operating_margin,0.2980561555075594,ratio
NVDA,FY2018-Q2,2017-08-23,2017-08-23,0001045810-17-000123,net_margin,0.26181905447564197,ratio
NVDA,FY2018-Q2,2017-08-23,2017-08-23,0001045810-17-000123,ROE,0.1826552821027959,ratio
NVDA,FY2018-Q2,2017-08-23,2017-08-23,0001045810-17-000123,ROA,0.11603914060838119,ratio
NVDA,FY2018-Q2,2017-08-23,2017-08-23,0001045810-17-000123,FCF,879000000.0,USD
NVDA,FY2018-Q2,2017-08-23,2017-08-23,0001045810-17-000123,FCF_margin,0.210943124550036,ratio
NVDA,FY2018-Q2,2017-08-23,2017-08-23,0001045810-17-000123,debt_to_equity,0.3321613929348736,ratio
NVDA,FY2018-Q2,2017-08-23,2017-08-23,0001045810-17-000123,current_ratio,7.819767441860465,ratio
NVDA,FY2018-Q2,2017-08-23,2017-08-23,0001045810-17-000123,R&D_%_revenue,0.19846412287017037,ratio
NVDA,FY2018-Q2,2017-08-23,2017-08-23,0001045810-17-000123,SG&A_%_revenue,0.09191264698824093,ratio
NVDA,FY2018-Q2,2017-08-23,2017-08-23,0001045810-17-000123,diluted_EPS,1.71,USD/shares
NVDA,FY2018-Q2,2017-08-23,2017-08-23,0001045810-17-000123,revenue,4167000000.0,USD
NVDA,FY2018-Q2,2017-08-23,2017-08-23,0001045810-17-000123,net_income,1091000000.0,USD
NVDA,FY2018-Q2,2017-08-23,2017-08-23,0001045810-17-000123,operating_income,1242000000.0,USD
NVDA,FY2018-Q2,2017-08-23,2017-08-23,0001045810-17-000123,operating_cash_flow,987000000.0,USD
NVDA,FY2018-Q2,2017-08-23,2017-08-23,0001045810-17-000123,capex,108000000.0,USD
NVDA,FY2018-Q2,2017-08-23,2017-08-23,0001045810-17-000123,cash_and_securities,1988000000.0,USD
NVDA,FY2018-Q2,2017-08-23,2017-08-23,0001045810-17-000123,total_debt,1984000000.0,USD
NVDA,FY2018-Q2,2017-08-23,2017-08-23,0001045810-17-000123,long_term_debt,1984000000.0,USD
NVDA,FY2018-Q2,2017-08-23,2017-08-23,0001045810-17-000123,short_term_debt,,USD
NVDA,FY2018-Q2,2017-08-23,2017-08-23,0001045810-17-000123,diluted_shares,637000000.0,shares
NVDA,FY2018-Q3,2017-11-21,2017-11-21,0001045810-17-000172,gross_margin,0.5910627664265765,ratio
NVDA,FY2018-Q3,2017-11-21,2017-11-21,0001045810-17-000172,operating_margin,0.314126120829046,ratio
NVDA,FY2018-Q3,2017-11-21,2017-11-21,0001045810-17-000172,net_margin,0.2834043804204028,ratio
NVDA,FY2018-Q3,2017-11-21,2017-11-21,0001045810-17-000172,ROE,0.3035264483627204,ratio
NVDA,FY2018-Q3,2017-11-21,2017-11-21,0001045810-17-000172,ROA,0.19613428280773143,ratio
NVDA,FY2018-Q3,2017-11-21,2017-11-21,0001045810-17-000172,FCF,1967000000.0,USD
NVDA,FY2018-Q3,2017-11-21,2017-11-21,0001045810-17-000172,FCF_margin,0.28913714537703955,ratio
NVDA,FY2018-Q3,2017-11-21,2017-11-21,0001045810-17-000172,debt_to_equity,0.3125,ratio
NVDA,FY2018-Q3,2017-11-21,2017-11-21,0001045810-17-000172,current_ratio,8.256085686465433,ratio
NVDA,FY2018-Q3,2017-11-21,2017-11-21,0001045810-17-000172,R&D_%_revenue,0.18962222548875496,ratio
NVDA,FY2018-Q3,2017-11-21,2017-11-21,0001045810-17-000172,SG&A_%_revenue,0.08731442010877553,ratio
NVDA,FY2018-Q3,2017-11-21,2017-11-21,0001045810-17-000172,diluted_EPS,3.05,USD/shares
NVDA,FY2018-Q3,2017-11-21,2017-11-21,0001045810-17-000172,revenue,6803000000.0,USD
NVDA,FY2018-Q3,2017-11-21,2017-11-21,0001045810-17-000172,net_income,1928000000.0,USD
NVDA,FY2018-Q3,2017-11-21,2017-11-21,0001045810-17-000172,operating_income,2137000000.0,USD
NVDA,FY2018-Q3,2017-11-21,2017-11-21,0001045810-17-000172,operating_cash_flow,2144000000.0,USD
NVDA,FY2018-Q3,2017-11-21,2017-11-21,0001045810-17-000172,capex,177000000.0,USD
NVDA,FY2018-Q3,2017-11-21,2017-11-21,0001045810-17-000172,cash_and_securities,2802000000.0,USD
NVDA,FY2018-Q3,2017-11-21,2017-11-21,0001045810-17-000172,total_debt,1985000000.0,USD
NVDA,FY2018-Q3,2017-11-21,2017-11-21,0001045810-17-000172,long_term_debt,1985000000.0,USD
NVDA,FY2018-Q3,2017-11-21,2017-11-21,0001045810-17-000172,short_term_debt,,USD
NVDA,FY2018-Q3,2017-11-21,2017-11-21,0001045810-17-000172,diluted_shares,633000000.0,shares
NVDA,FY2019,2019-02-21,2019-02-21,0001045810-19-000023,gross_margin,0.6120689655172413,ratio
NVDA,FY2019,2019-02-21,2019-02-21,0001045810-19-000023,operating_margin,0.3246841925571868,ratio
NVDA,FY2019,2019-02-21,2019-02-21,0001045810-19-000023,net_margin,0.35344827586206895,ratio
NVDA,FY2019,2019-02-21,2019-02-21,0001045810-19-000023,ROE,0.44326696638835367,ratio
NVDA,FY2019,2019-02-21,2019-02-21,0001045810-19-000023,ROA,0.3115407764068613,ratio
NVDA,FY2019,2019-02-21,2019-02-21,0001045810-19-000023,FCF,2615000000.0,USD
NVDA,FY2019,2019-02-21,2019-02-21,0001045810-19-000023,FCF_margin,0.22319904404233526,ratio
NVDA,FY2019,2019-02-21,2019-02-21,0001045810-19-000023,debt_to_equity,0.21280239777349605,ratio
NVDA,FY2019,2019-02-21,2019-02-21,0001045810-19-000023,current_ratio,7.943566591422122,ratio
NVDA,FY2019,2019-02-21,2019-02-21,0001045810-19-000023,R&D_%_revenue,0.20279959030385797,ratio
NVDA,FY2019,2019-02-21,2019-02-21,0001045810-19-000023,SG&A_%_revenue,0.08458518265619665,ratio
NVDA,FY2019,2019-02-21,2019-02-21,0001045810-19-000023,diluted_EPS,6.63,USD/shares
NVDA,FY2019,2019-02-21,2019-02-21,0001045810-19-000023,revenue,11716000000.0,USD
NVDA,FY2019,2019-02-21,2019-02-21,0001045810-19-000023,net_income,4141000000.0,USD
NVDA,FY2019,2019-02-21,2019-02-21,0001045810-19-000023,operating_income,3804000000.0,USD
NVDA,FY2019,2019-02-21,2019-02-21,0001045810-19-000023,operating_cash_flow,3743000000.0,USD
NVDA,FY2019,2019-02-21,2019-02-21,0001045810-19-000023,capex,1128000000.0,USD
NVDA,FY2019,2019-02-21,2019-02-21,0001045810-19-000023,cash_and_securities,782000000.0,USD
NVDA,FY2019,2019-02-21,2019-02-21,0001045810-19-000023,total_debt,1988000000.0,USD
NVDA,FY2019,2019-02-21,2019-02-21,0001045810-19-000023,long_term_debt,1988000000.0,USD
NVDA,FY2019,2019-02-21,2019-02-21,0001045810-19-000023,short_term_debt,,USD
NVDA,FY2019,2019-02-21,2019-02-21,0001045810-19-000023,diluted_shares,625000000.0,shares
NVDA,FY2019-Q1,2018-05-22,2018-05-22,0001045810-18-000080,gross_margin,0.6448394137823511,ratio
NVDA,FY2019-Q1,2018-05-22,2018-05-22,0001045810-18-000080,operating_margin,0.40380417835983784,ratio
NVDA,FY2019-Q1,2018-05-22,2018-05-22,0001045810-18-000080,net_margin,0.38790146554412225,ratio
NVDA,FY2019-Q1,2018-05-22,2018-05-22,0001045810-18-000080,ROE,0.16120253984709085,ratio
NVDA,FY2019-Q1,2018-05-22,2018-05-22,0001045810-18-000080,ROA,0.10855148342059337,ratio
NVDA,FY2019-Q1,2018-05-22,2018-05-22,0001045810-18-000080,FCF,1327000000.0,USD
NVDA,FY2019-Q1,2018-05-22,2018-05-22,0001045810-18-000080,FCF_margin,0.41378235110695355,ratio
NVDA,FY2019-Q1,2018-05-22,2018-05-22,0001045810-18-000080,debt_to_equity,0.25735389400025915,ratio
NVDA,FY2019-Q1,2018-05-22,2018-05-22,0001045810-18-000080,current_ratio,8.54249547920434,ratio
NVDA,FY2019-Q1,2018-05-22,2018-05-22,0001045810-18-000080,R&D_%_revenue,0.1690053009042719,ratio
NVDA,FY2019-Q1,2018-05-22,2018-05-22,0001045810-18-000080,SG&A_%_revenue,0.07202993451824134,ratio
NVDA,FY2019-Q1,2018-05-22,2018-05-22,0001045810-18-000080,diluted_EPS,1.98,USD/shares
NVDA,FY2019-Q1,2018-05-22,2018-05-22,0001045810-18-000080,revenue,3207000000.0,USD
NVDA,FY2019-Q1,2018-05-22,2018-05-22,0001045810-18-000080,net_income,1244000000.0,USD
NVDA,FY2019-Q1,2018-05-22,2018-05-22,0001045810-18-000080,operating_income,1295000000.0,USD
NVDA,FY2019-Q1,2018-05-22,2018-05-22,0001045810-18-000080,operating_cash_flow,1445000000.0,USD
NVDA,FY2019-Q1,2018-05-22,2018-05-22,0001045810-18-000080,capex,118000000.0,USD
NVDA,FY2019-Q1,2018-05-22,2018-05-22,0001045810-18-000080,cash_and_securities,765000000.0,USD
NVDA,FY2019-Q1,2018-05-22,2018-05-22,0001045810-18-000080,total_debt,1986000000.0,USD
NVDA,FY2019-Q1,2018-05-22,2018-05-22,0001045810-18-000080,long_term_debt,1986000000.0,USD
NVDA,FY2019-Q1,2018-05-22,2018-05-22,0001045810-18-000080,short_term_debt,,USD
NVDA,FY2019-Q1,2018-05-22,2018-05-22,0001045810-18-000080,diluted_shares,627000000.0,shares
NVDA,FY2019-Q2,2018-08-16,2018-08-16,0001045810-18-000114,gross_margin,0.6387045813586097,ratio
NVDA,FY2019-Q2,2018-08-16,2018-08-16,0001045810-18-000114,operating_margin,0.38736176935229066,ratio
NVDA,FY2019-Q2,2018-08-16,2018-08-16,0001045810-18-000114,net_margin,0.3704581358609795,ratio
NVDA,FY2019-Q2,2018-08-16,2018-08-16,0001045810-18-000114,ROE,0.26662876634451393,ratio
NVDA,FY2019-Q2,2018-08-16,2018-08-16,0001045810-18-000114,ROA,0.18203695078403975,ratio
NVDA,FY2019-Q2,2018-08-16,2018-08-16,0001045810-18-000114,FCF,2111000000.0,USD
NVDA,FY2019-Q2,2018-08-16,2018-08-16,0001045810-18-000114,FCF_margin,0.3334913112164297,ratio
NVDA,FY2019-Q2,2018-08-16,2018-08-16,0001045810-18-000114,debt_to_equity,0.225923820352473,ratio
NVDA,FY2019-Q2,2018-08-16,2018-08-16,0001045810-18-000114,current_ratio,7.408344733242134,ratio
NVDA,FY2019-Q2,2018-08-16,2018-08-16,0001045810-18-000114,R&D_%_revenue,0.17756714060031595,ratio
NVDA,FY2019-Q2,2018-08-16,2018-08-16,0001045810-18-000114,SG&A_%_revenue,0.07377567140600316,ratio
NVDA,FY2019-Q2,2018-08-16,2018-08-16,0001045810-18-000114,diluted_EPS,3.74,USD/shares
NVDA,FY2019-Q2,2018-08-16,2018-08-16,0001045810-18-000114,revenue,6330000000.0,USD
NVDA,FY2019-Q2,2018-08-16,2018-08-16,0001045810-18-000114,net_income,2345000000.0,USD
NVDA,FY2019-Q2,2018-08-16,2018-08-16,0001045810-18-000114,operating_income,2452000000.0,USD
NVDA,FY2019-Q2,2018-08-16,2018-08-16,0001045810-18-000114,operating_cash_flow,2358000000.0,USD
NVDA,FY2019-Q2,2018-08-16,2018-08-16,0001045810-18-000114,capex,247000000.0,USD
NVDA,FY2019-Q2,2018-08-16,2018-08-16,0001045810-18-000114,cash_and_securities,718000000.0,USD
NVDA,FY2019-Q2,2018-08-16,2018-08-16,0001045810-18-000114,total_debt,1987000000.0,USD
NVDA,FY2019-Q2,2018-08-16,2018-08-16,0001045810-18-000114,long_term_debt,1987000000.0,USD
NVDA,FY2019-Q2,2018-08-16,2018-08-16,0001045810-18-000114,short_term_debt,,USD
NVDA,FY2019-Q2,2018-08-16,2018-08-16,0001045810-18-000114,diluted_shares,627000000.0,shares
NVDA,FY2019-Q3,2018-11-15,2018-11-15,0001045810-18-000150,gross_margin,0.6270634002733677,ratio
NVDA,FY2019-Q3,2018-11-15,2018-11-15,0001045810-18-000150,operating_margin,0.36904636736410473,ratio
NVDA,FY2019-Q3,2018-11-15,2018-11-15,0001045810-18-000150,net_margin,0.3758805593523289,ratio
NVDA,FY2019-Q3,2018-11-15,2018-11-15,0001045810-18-000150,ROE,0.37730870712401055,ratio
NVDA,FY2019-Q3,2018-11-15,2018-11-15,0001045810-18-000150,ROA,0.2617705206121403,ratio
NVDA,FY2019-Q3,2018-11-15,2018-11-15,0001045810-18-000150,FCF,2448000000.0,USD
NVDA,FY2019-Q3,2018-11-15,2018-11-15,0001045810-18-000150,FCF_margin,0.2573861844180423,ratio
NVDA,FY2019-Q3,2018-11-15,2018-11-15,0001045810-18-000150,debt_to_equity,0.20970976253298154,ratio
NVDA,FY2019-Q3,2018-11-15,2018-11-15,0001045810-18-000150,current_ratio,7.080845771144278,ratio
NVDA,FY2019-Q3,2018-11-15,2018-11-15,0001045810-18-000150,R&D_%_revenue,0.1817895068867627,ratio
NVDA,FY2019-Q3,2018-11-15,2018-11-15,0001045810-18-000150,SG&A_%_revenue,0.07622752602250027,ratio
NVDA,FY2019-Q3,2018-11-15,2018-11-15,0001045810-18-000150,diluted_EPS,5.71,USD/shares
NVDA,FY2019-Q3,2018-11-15,2018-11-15,0001045810-18-000150,revenue,9511000000.0,USD
NVDA,FY2019-Q3,2018-11-15,2018-11-15,0001045810-18-000150,net_income,3575000000.0,USD
NVDA,FY2019-Q3,2018-11-15,2018-11-15,0001045810-18-000150,operating_income,3510000000.0,USD
NVDA,FY2019-Q3,2018-11-15,2018-11-15,0001045810-18-000150,operating_cash_flow,2845000000.0,USD
NVDA,FY2019-Q3,2018-11-15,2018-11-15,0001045810-18-000150,capex,397000000.0,USD
NVDA,FY2019-Q3,2018-11-15,2018-11-15,0001045810-18-000150,cash_and_securities,721000000.0,USD
NVDA,FY2019-Q3,2018-11-15,2018-11-15,0001045810-18-000150,total_debt,1987000000.0,USD
NVDA,FY2019-Q3,2018-11-15,2018-11-15,0001045810-18-000150,long_term_debt,1987000000.0,USD
NVDA,FY2019-Q3,2018-11-15,2018-11-15,0001045810-18-000150,short_term_debt,,USD
NVDA,FY2019-Q3,2018-11-15,2018-11-15,0001045810-18-000150,diluted_shares,626000000.0,shares
NVDA,FY2020,2020-02-20,2020-02-20,0001045810-20-000010,gross_margin,0.619893753434695,ratio
NVDA,FY2020,2020-02-20,2020-02-20,0001045810-20-000010,operating_margin,0.2606704524638212,ratio
NVDA,FY2020,2020-02-20,2020-02-20,0001045810-20-000010,net_margin,0.2560908591317091,ratio
NVDA,FY2020,2020-02-20,2020-02-20,0001045810-20-000010,ROE,0.22910521140609635,ratio
NVDA,FY2020,2020-02-20,2020-02-20,0001045810-20-000010,ROA,0.16147848686110308,ratio
NVDA,FY2020,2020-02-20,2020-02-20,0001045810-20-000010,FCF,3785000000.0,USD
NVDA,FY2020,2020-02-20,2020-02-20,0001045810-20-000010,FCF_margin,0.3466752152408866,ratio
NVDA,FY2020,2020-02-20,2020-02-20,0001045810-20-000010,debt_to_equity,0.16314323172730252,ratio
NVDA,FY2020,2020-02-20,2020-02-20,0001045810-20-000010,current_ratio,7.673766816143497,ratio
NVDA,FY2020,2020-02-20,2020-02-20,0001045810-20-000010,R&D_%_revenue,0.2591133907309031,ratio
NVDA,FY2020,2020-02-20,2020-02-20,0001045810-20-000010,SG&A_%_revenue,0.10010991023997069,ratio
NVDA,FY2020,2020-02-20,2020-02-20,0001045810-20-000010,diluted_EPS,1.13,USD/shares
NVDA,FY2020,2020-02-20,2020-02-20,0001045810-20-000010,revenue,10918000000.0,USD
NVDA,FY2020,2020-02-20,2020-02-20,0001045810-20-000010,net_income,2796000000.0,USD
NVDA,FY2020,2020-02-20,2020-02-20,0001045810-20-000010,operating_income,2846000000.0,USD
NVDA,FY2020,2020-02-20,2020-02-20,0001045810-20-000010,operating_cash_flow,4761000000.0,USD
NVDA,FY2020,2020-02-20,2020-02-20,0001045810-20-000010,capex,976000000.0,USD
NVDA,FY2020,2020-02-20,2020-02-20,0001045810-20-000010,cash_and_securities,10896000000.0,USD
NVDA,FY2020,2020-02-20,2020-02-20,0001045810-20-000010,total_debt,1991000000.0,USD
NVDA,FY2020,2020-02-20,2020-02-20,0001045810-20-000010,long_term_debt,1991000000.0,USD
NVDA,FY2020,2020-02-20,2020-02-20,0001045810-20-000010,short_term_debt,,USD
NVDA,FY2020,2020-02-20,2020-02-20,0001045810-20-000010,diluted_shares,2472000000.0,shares
NVDA,FY2020-Q1,2020-05-21,2020-05-21,0001045810-20-000065,gross_margin,0.6506493506493507,ratio
NVDA,FY2020-Q1,2020-05-21,2020-05-21,0001045810-20-000065,operating_margin,0.3168831168831169,ratio
NVDA,FY2020-Q1,2020-05-21,2020-05-21,0001045810-20-000065,net_margin,0.29772727272727273,ratio
NVDA,FY2020-Q1,2020-05-21,2020-05-21,0001045810-20-000065,ROE,0.07000534391938316,ratio
NVDA,FY2020-Q1,2020-05-21,2020-05-21,0001045810-20-000065,ROA,0.03943407585791692,ratio
NVDA,FY2020-Q1,2020-05-21,2020-05-21,0001045810-20-000065,FCF,754000000.0,USD
NVDA,FY2020-Q1,2020-05-21,2020-05-21,0001045810-20-000065,FCF_margin,0.2448051948051948,ratio
NVDA,FY2020-Q1,2020-05-21,2020-05-21,0001045810-20-000065,debt_to_equity,0.5312619283914802,ratio
NVDA,FY2020-Q1,2020-05-21,2020-05-21,0001045810-20-000065,current_ratio,10.291119285338938,ratio
NVDA,FY2020-Q1,2020-05-21,2020-05-21,0001045810-20-000065,R&D_%_revenue,0.23863636363636365,ratio
NVDA,FY2020-Q1,2020-05-21,2020-05-21,0001045810-20-000065,SG&A_%_revenue,0.09512987012987013,ratio
NVDA,FY2020-Q1,2020-05-21,2020-05-21,0001045810-20-000065,diluted_EPS,1.47,USD/shares
NVDA,FY2020-Q1,2020-05-21,2020-05-21,0001045810-20-000065,revenue,3080000000.0,USD
NVDA,FY2020-Q1,2020-05-21,2020-05-21,0001045810-20-000065,net_income,917000000.0,USD
NVDA,FY2020-Q1,2020-05-21,2020-05-21,0001045810-20-000065,operating_income,976000000.0,USD
NVDA,FY2020-Q1,2020-05-21,2020-05-21,0001045810-20-000065,operating_cash_flow,909000000.0,USD
NVDA,FY2020-Q1,2020-05-21,2020-05-21,0001045810-20-000065,capex,155000000.0,USD
NVDA,FY2020-Q1,2020-05-21,2020-05-21,0001045810-20-000065,cash_and_securities,15494000000.0,USD
NVDA,FY2020-Q1,2020-05-21,2020-05-21,0001045810-20-000065,total_debt,6959000000.0,USD
NVDA,FY2020-Q1,2020-05-21,2020-05-21,0001045810-20-000065,long_term_debt,6959000000.0,USD
NVDA,FY2020-Q1,2020-05-21,2020-05-21,0001045810-20-000065,short_term_debt,,USD
NVDA,FY2020-Q1,2020-05-21,2020-05-21,0001045810-20-000065,diluted_shares,622000000.0,shares
NVDA,FY2020-Q2,2020-08-19,2020-08-19,0001045810-20-000147,gross_margin,0.6160380074863231,ratio
NVDA,FY2020-Q2,2020-08-19,2020-08-19,0001045810-20-000147,operating_margin,0.23423553124100202,ratio
NVDA,FY2020-Q2,2020-08-19,2020-08-19,0001045810-20-000147,net_margin,0.22156636913331415,ratio
NVDA,FY2020-Q2,2020-08-19,2020-08-19,0001045810-20-000147,ROE,0.11060802069857698,ratio
NVDA,FY2020-Q2,2020-08-19,2020-08-19,0001045810-20-000147,ROA,0.061119936457505956,ratio
NVDA,FY2020-Q2,2020-08-19,2020-08-19,0001045810-20-000147,FCF,2104000000.0,USD
NVDA,FY2020-Q2,2020-08-19,2020-08-19,0001045810-20-000147,FCF_margin,0.30290814857471926,ratio
NVDA,FY2020-Q2,2020-08-19,2020-08-19,0001045810-20-000147,debt_to_equity,0.5002156101768004,ratio
NVDA,FY2020-Q2,2020-08-19,2020-08-19,0001045810-20-000147,current_ratio,6.091701244813278,ratio
NVDA,FY2020-Q2,2020-08-19,2020-08-19,0001045810-20-000147,R&D_%_revenue,0.24935214511949325,ratio
NVDA,FY2020-Q2,2020-08-19,2020-08-19,0001045810-20-000147,SG&A_%_revenue,0.13245033112582782,ratio
NVDA,FY2020-Q2,2020-08-19,2020-08-19,0001045810-20-000147,diluted_EPS,2.47,USD/shares
NVDA,FY2020-Q2,2020-08-19,2020-08-19,0001045810-20-000147,revenue,6946000000.0,USD
NVDA,FY2020-Q2,2020-08-19,2020-08-19,0001045810-20-000147,net_income,1539000000.0,USD
NVDA,FY2020-Q2,2020-08-19,2020-08-19,0001045810-20-000147,operating_income,1627000000.0,USD
NVDA,FY2020-Q2,2020-08-19,2020-08-19,0001045810-20-000147,operating_cash_flow,2476000000.0,USD
NVDA,FY2020-Q2,2020-08-19,2020-08-19,0001045810-20-000147,capex,372000000.0,USD
NVDA,FY2020-Q2,2020-08-19,2020-08-19,0001045810-20-000147,cash_and_securities,3274000000.0,USD
NVDA,FY2020-Q2,2020-08-19,2020-08-19,0001045810-20-000147,total_debt,6960000000.0,USD
NVDA,FY2020-Q2,2020-08-19,2020-08-19,0001045810-20-000147,long_term_debt,6960000000.0,USD
NVDA,FY2020-Q2,2020-08-19,2020-08-19,0001045810-20-000147,short_term_debt,,USD
NVDA,FY2020-Q2,2020-08-19,2020-08-19,0001045810-20-000147,diluted_shares,624000000.0,shares
NVDA,FY2020-Q3,2019-11-14,2019-11-14,0001045810-19-000170,gross_margin,0.6083450659157814,ratio
NVDA,FY2020-Q3,2019-11-14,2019-11-14,0001045810-19-000170,operating_margin,0.23755279662101625,ratio
NVDA,FY2020-Q3,2019-11-14,2019-11-14,0001045810-19-000170,net_margin,0.23614488672724945,ratio
NVDA,FY2020-Q3,2019-11-14,2019-11-14,0001045810-19-000170,ROE,0.16452648475120385,ratio
NVDA,FY2020-Q3,2019-11-14,2019-11-14,0001045810-19-000170,ROA,0.11669829222011385,ratio
NVDA,FY2020-Q3,2019-11-14,2019-11-14,0001045810-19-000170,FCF,2952000000.0,USD
NVDA,FY2020-Q3,2019-11-14,2019-11-14,0001045810-19-000170,FCF_margin,0.3778318187635991,ratio
NVDA,FY2020-Q3,2019-11-14,2019-11-14,0001045810-19-000170,debt_to_equity,0.17745675049045836,ratio
NVDA,FY2020-Q3,2019-11-14,2019-11-14,0001045810-19-000170,current_ratio,8.420338983050847,ratio
NVDA,FY2020-Q3,2019-11-14,2019-11-14,0001045810-19-000170,R&D_%_revenue,0.26763087162421606,ratio
NVDA,FY2020-Q3,2019-11-14,2019-11-14,0001045810-19-000170,SG&A_%_revenue,0.10316139767054909,ratio
NVDA,FY2020-Q3,2019-11-14,2019-11-14,0001045810-19-000170,diluted_EPS,2.99,USD/shares
NVDA,FY2020-Q3,2019-11-14,2019-11-14,0001045810-19-000170,revenue,7813000000.0,USD
NVDA,FY2020-Q3,2019-11-14,2019-11-14,0001045810-19-000170,net_income,1845000000.0,USD
NVDA,FY2020-Q3,2019-11-14,2019-11-14,0001045810-19-000170,operating_income,1856000000.0,USD
NVDA,FY2020-Q3,2019-11-14,2019-11-14,0001045810-19-000170,operating_cash_flow,3296000000.0,USD
NVDA,FY2020-Q3,2019-11-14,2019-11-14,0001045810-19-000170,capex,344000000.0,USD
NVDA,FY2020-Q3,2019-11-14,2019-11-14,0001045810-19-000170,cash_and_securities,9765000000.0,USD
NVDA,FY2020-Q3,2019-11-14,2019-11-14,0001045810-19-000170,total_debt,1990000000.0,USD
NVDA,FY2020-Q3,2019-11-14,2019-11-14,0001045810-19-000170,long_term_debt,1990000000.0,USD
NVDA,FY2020-Q3,2019-11-14,2019-11-14,0001045810-19-000170,short_term_debt,,USD
NVDA,FY2020-Q3,2019-11-14,2019-11-14,0001045810-19-000170,diluted_shares,617000000.0,shares
NVDA,FY2021,2021-02-26,2021-02-26,0001045810-21-000010,gross_margin,0.623448275862069,ratio
NVDA,FY2021,2021-02-26,2021-02-26,0001045810-21-000010,operating_margin,0.271784107946027,ratio
NVDA,FY2021,2021-02-26,2021-02-26,0001045810-21-000010,net_margin,0.25979010494752625,ratio
NVDA,FY2021,2021-02-26,2021-02-26,0001045810-21-000010,ROE,0.2564375776949032,ratio
NVDA,FY2021,2021-02-26,2021-02-26,0001045810-21-000010,ROA,0.1504636865687194,ratio
NVDA,FY2021,2021-02-26,2021-02-26,0001045810-21-000010,FCF,3989000000.0,USD
NVDA,FY2021,2021-02-26,2021-02-26,0001045810-21-000010,FCF_margin,0.23922038980509744,ratio
NVDA,FY2021,2021-02-26,2021-02-26,0001045810-21-000010,debt_to_equity,0.41218256082400995,ratio
NVDA,FY2021,2021-02-26,2021-02-26,0001045810-21-000010,current_ratio,4.090445859872611,ratio
NVDA,FY2021,2021-02-26,2021-02-26,0001045810-21-000010,R&D_%_revenue,0.2353223388305847,ratio
NVDA,FY2021,2021-02-26,2021-02-26,0001045810-21-000010,SG&A_%_revenue,0.11634182908545727,ratio
NVDA,FY2021,2021-02-26,2021-02-26,0001045810-21-000010,diluted_EPS,1.73,USD/shares
NVDA,FY2021,2021-02-26,2021-02-26,0001045810-21-000010,revenue,16675000000.0,USD
NVDA,FY2021,2021-02-26,2021-02-26,0001045810-21-000010,net_income,4332000000.0,USD
NVDA,FY2021,2021-02-26,2021-02-26,0001045810-21-000010,operating_income,4532000000.0,USD
NVDA,FY2021,2021-02-26,2021-02-26,0001045810-21-000010,operating_cash_flow,5822000000.0,USD
NVDA,FY2021,2021-02-26,2021-02-26,0001045810-21-000010,capex,1833000000.0,USD
NVDA,FY2021,2021-02-26,2021-02-26,0001045810-21-000010,cash_and_securities,847000000.0,USD
NVDA,FY2021,2021-02-26,2021-02-26,0001045810-21-000010,total_debt,6963000000.0,USD
NVDA,FY2021,2021-02-26,2021-02-26,0001045810-21-000010,long_term_debt,6963000000.0,USD
NVDA,FY2021,2021-02-26,2021-02-26,0001045810-21-000010,short_term_debt,999000000.0,USD
NVDA,FY2021,2021-02-26,2021-02-26,0001045810-21-000010,diluted_shares,2510000000.0,shares
NVDA,FY2021-Q3,2020-11-18,2020-11-18,0001045810-20-000189,gross_margin,0.6202878684030158,ratio
NVDA,FY2021-Q3,2020-11-18,2020-11-18,0001045810-20-000189,operating_margin,0.259167237834133,ratio
NVDA,FY2021-Q3,2020-11-18,2020-11-18,0001045810-20-000189,net_margin,0.2463159698423578,ratio
NVDA,FY2021-Q3,2020-11-18,2020-11-18,0001045810-20-000189,ROE,0.1874918481805139,ratio
NVDA,FY2021-Q3,2020-11-18,2020-11-18,0001045810-20-000189,ROA,0.10695286633681783,ratio
NVDA,FY2021-Q3,2020-11-18,2020-11-18,0001045810-20-000189,FCF,2910000000.0,USD
NVDA,FY2021-Q3,2020-11-18,2020-11-18,0001045810-20-000189,FCF_margin,0.24931459904043865,ratio
NVDA,FY2021-Q3,2020-11-18,2020-11-18,0001045810-20-000189,debt_to_equity,0.4539585235424547,ratio
NVDA,FY2021-Q3,2020-11-18,2020-11-18,0001045810-20-000189,current_ratio,3.9228672662850914,ratio
NVDA,FY2021-Q3,2020-11-18,2020-11-18,0001045810-20-000189,R&D_%_revenue,0.23800548320767648,ratio
NVDA,FY2021-Q3,2020-11-18,2020-11-18,0001045810-20-000189,SG&A_%_revenue,0.12311514736120631,ratio
NVDA,FY2021-Q3,2020-11-18,2020-11-18,0001045810-20-000189,diluted_EPS,4.59,USD/shares
NVDA,FY2021-Q3,2020-11-18,2020-11-18,0001045810-20-000189,revenue,11672000000.0,USD
NVDA,FY2021-Q3,2020-11-18,2020-11-18,0001045810-20-000189,net_income,2875000000.0,USD
NVDA,FY2021-Q3,2020-11-18,2020-11-18,0001045810-20-000189,operating_income,3025000000.0,USD
NVDA,FY2021-Q3,2020-11-18,2020-11-18,0001045810-20-000189,operating_cash_flow,3755000000.0,USD
NVDA,FY2021-Q3,2020-11-18,2020-11-18,0001045810-20-000189,capex,845000000.0,USD
NVDA,FY2021-Q3,2020-11-18,2020-11-18,0001045810-20-000189,cash_and_securities,2251000000.0,USD
NVDA,FY2021-Q3,2020-11-18,2020-11-18,0001045810-20-000189,total_debt,6961000000.0,USD
NVDA,FY2021-Q3,2020-11-18,2020-11-18,0001045810-20-000189,long_term_debt,6961000000.0,USD
NVDA,FY2021-Q3,2020-11-18,2020-11-18,0001045810-20-000189,short_term_debt,998000000.0,USD
NVDA,FY2021-Q3,2020-11-18,2020-11-18,0001045810-20-000189,diluted_shares,626000000.0,shares
NVDA,FY2022,2024-02-21,2024-02-21,0001045810-24-000029,gross_margin,0.6492903321691313,ratio
NVDA,FY2022,2024-02-21,2024-02-21,0001045810-24-000029,operating_margin,0.3730772088875678,ratio
NVDA,FY2022,2024-02-21,2024-02-21,0001045810-24-000029,net_margin,0.3623393029649996,ratio
NVDA,FY2022,2024-02-21,2024-02-21,0001045810-24-000029,ROE,0.3664512250112731,ratio
NVDA,FY2022,2024-02-21,2024-02-21,0001045810-24-000029,ROA,0.22069839545567702,ratio
NVDA,FY2022,2024-02-21,2024-02-21,0001045810-24-000029,FCF,8132000000.0,USD
NVDA,FY2022,2024-02-21,2024-02-21,0001045810-24-000029,FCF_margin,0.3021475811845136,ratio
NVDA,FY2022,2024-02-21,2024-02-21,0001045810-24-000029,debt_to_equity,0.41131820231474525,ratio
NVDA,FY2022,2024-02-21,2024-02-21,0001045810-24-000029,current_ratio,6.650288350634371,ratio
NVDA,FY2022,2024-02-21,2024-02-21,0001045810-24-000029,R&D_%_revenue,0.19573456193802483,ratio
NVDA,FY2022,2024-02-21,2024-02-21,0001045810-24-000029,SG&A_%_revenue,0.08047856134353867,ratio
NVDA,FY2022,2024-02-21,2024-02-21,0001045810-24-000029,diluted_EPS,3.85,USD/shares
NVDA,FY2022,2024-02-21,2024-02-21,0001045810-24-000029,revenue,26914000000.0,USD
NVDA,FY2022,2024-02-21,2024-02-21,0001045810-24-000029,net_income,9752000000.0,USD
NVDA,FY2022,2024-02-21,2024-02-21,0001045810-24-000029,operating_income,10041000000.0,USD
NVDA,FY2022,2024-02-21,2024-02-21,0001045810-24-000029,operating_cash_flow,9108000000.0,USD
NVDA,FY2022,2024-02-21,2024-02-21,0001045810-24-000029,capex,976000000.0,USD
NVDA,FY2022,2024-02-21,2024-02-21,0001045810-24-000029,cash_and_securities,1990000000.0,USD
NVDA,FY2022,2024-02-21,2024-02-21,0001045810-24-000029,total_debt,10946000000.0,USD
NVDA,FY2022,2024-02-21,2024-02-21,0001045810-24-000029,long_term_debt,10946000000.0,USD
NVDA,FY2022,2024-02-21,2024-02-21,0001045810-24-000029,short_term_debt,0.0,USD
NVDA,FY2022,2024-02-21,2024-02-21,0001045810-24-000029,diluted_shares,2535000000.0,shares
NVDA,FY2022-Q1,2021-05-26,2021-05-26,0001045810-21-000064,gross_margin,0.6410528175234057,ratio
NVDA,FY2022-Q1,2021-05-26,2021-05-26,0001045810-21-000064,operating_margin,0.3455219925808161,ratio
NVDA,FY2022-Q1,2021-05-26,2021-05-26,0001045810-21-000064,net_margin,0.33774951422010246,ratio
NVDA,FY2022-Q1,2021-05-26,2021-05-26,0001045810-21-000064,ROE,0.10184297432619581,ratio
NVDA,FY2022-Q1,2021-05-26,2021-05-26,0001045810-21-000064,ROA,0.06208598519288219,ratio
NVDA,FY2022-Q1,2021-05-26,2021-05-26,0001045810-21-000064,FCF,1576000000.0,USD
NVDA,FY2022-Q1,2021-05-26,2021-05-26,0001045810-21-000064,FCF_margin,0.27839604310192545,ratio
NVDA,FY2022-Q1,2021-05-26,2021-05-26,0001045810-21-000064,debt_to_equity,0.3708852668584212,ratio
NVDA,FY2022-Q1,2021-05-26,2021-05-26,0001045810-21-000064,current_ratio,4.527222777222777,ratio
NVDA,FY2022-Q1,2021-05-26,2021-05-26,0001045810-21-000064,R&D_%_revenue,0.2036742624977919,ratio
NVDA,FY2022-Q1,2021-05-26,2021-05-26,0001045810-21-000064,SG&A_%_revenue,0.09185656244479774,ratio
NVDA,FY2022-Q1,2021-05-26,2021-05-26,0001045810-21-000064,diluted_EPS,3.03,USD/shares
NVDA,FY2022-Q1,2021-05-26,2021-05-26,0001045810-21-000064,revenue,5661000000.0,USD
NVDA,FY2022-Q1,2021-05-26,2021-05-26,0001045810-21-000064,net_income,1912000000.0,USD
NVDA,FY2022-Q1,2021-05-26,2021-05-26,0001045810-21-000064,operating_income,1956000000.0,USD
NVDA,FY2022-Q1,2021-05-26,2021-05-26,0001045810-21-000064,operating_cash_flow,1874000000.0,USD
NVDA,FY2022-Q1,2021-05-26,2021-05-26,0001045810-21-000064,capex,298000000.0,USD
NVDA,FY2022-Q1,2021-05-26,2021-05-26,0001045810-21-000064,cash_and_securities,978000000.0,USD
NVDA,FY2022-Q1,2021-05-26,2021-05-26,0001045810-21-000064,total_debt,6963000000.0,USD
NVDA,FY2022-Q1,2021-05-26,2021-05-26,0001045810-21-000064,long_term_debt,6963000000.0,USD
NVDA,FY2022-Q1,2021-05-26,2021-05-26,0001045810-21-000064,short_term_debt,999000000.0,USD
NVDA,FY2022-Q1,2021-05-26,2021-05-26,0001045810-21-000064,diluted_shares,632000000.0,shares
NVDA,FY2022-Q2,2021-08-20,2021-08-20,0001045810-21-000131,gross_margin,0.6446416831032216,ratio
NVDA,FY2022-Q2,2021-08-20,2021-08-20,0001045810-21-000131,operating_margin,0.3616042077580539,ratio
NVDA,FY2022-Q2,2021-08-20,2021-08-20,0001045810-21-000131,net_margin,0.35215318869165024,ratio
NVDA,FY2022-Q2,2021-08-20,2021-08-20,0001045810-21-000131,ROE,0.20262921454579846,ratio
NVDA,FY2022-Q2,2021-08-20,2021-08-20,0001045810-21-000131,ROA,0.11086675291073739,ratio
NVDA,FY2022-Q2,2021-08-20,2021-08-20,0001045810-21-000131,FCF,4075000000.0,USD
NVDA,FY2022-Q2,2021-08-20,2021-08-20,0001045810-21-000131,FCF_margin,0.3348948060486522,ratio
NVDA,FY2022-Q2,2021-08-20,2021-08-20,0001045810-21-000131,debt_to_equity,0.5647609590012768,ratio
NVDA,FY2022-Q2,2021-08-20,2021-08-20,0001045810-21-000131,current_ratio,5.801708633093525,ratio
NVDA,FY2022-Q2,2021-08-20,2021-08-20,0001045810-21-000131,R&D_%_revenue,0.19707429322813938,ratio
NVDA,FY2022-Q2,2021-08-20,2021-08-20,0001045810-21-000131,SG&A_%_revenue,0.08596318211702828,ratio
NVDA,FY2022-Q2,2021-08-20,2021-08-20,0001045810-21-000131,diluted_EPS,1.69,USD/shares
NVDA,FY2022-Q2,2021-08-20,2021-08-20,0001045810-21-000131,revenue,12168000000.0,USD
NVDA,FY2022-Q2,2021-08-20,2021-08-20,0001045810-21-000131,net_income,4285000000.0,USD
NVDA,FY2022-Q2,2021-08-20,2021-08-20,0001045810-21-000131,operating_income,4400000000.0,USD
NVDA,FY2022-Q2,2021-08-20,2021-08-20,0001045810-21-000131,operating_cash_flow,4556000000.0,USD
NVDA,FY2022-Q2,2021-08-20,2021-08-20,0001045810-21-000131,capex,481000000.0,USD
NVDA,FY2022-Q2,2021-08-20,2021-08-20,0001045810-21-000131,cash_and_securities,5628000000.0,USD
NVDA,FY2022-Q2,2021-08-20,2021-08-20,0001045810-21-000131,total_debt,11943000000.0,USD
NVDA,FY2022-Q2,2021-08-20,2021-08-20,0001045810-21-000131,long_term_debt,11943000000.0,USD
NVDA,FY2022-Q2,2021-08-20,2021-08-20,0001045810-21-000131,short_term_debt,1000000000.0,USD
NVDA,FY2022-Q2,2021-08-20,2021-08-20,0001045810-21-000131,diluted_shares,2529000000.0,shares
NVDA,FY2022-Q3,2021-11-22,2021-11-22,0001045810-21-000163,gross_margin,0.6473976441284832,ratio
NVDA,FY2022-Q3,2021-11-22,2021-11-22,0001045810-21-000163,operating_margin,0.3669243941674018,ratio
NVDA,FY2022-Q3,2021-11-22,2021-11-22,0001045810-21-000163,net_margin,0.3502153494888693,ratio
NVDA,FY2022-Q3,2021-11-22,2021-11-22,0001045810-21-000163,ROE,0.28359526010589126,ratio
NVDA,FY2022-Q3,2021-11-22,2021-11-22,0001045810-21-000163,ROA,0.16610061035636936,ratio
NVDA,FY2022-Q3,2021-11-22,2021-11-22,0001045810-21-000163,FCF,5372000000.0,USD
NVDA,FY2022-Q3,2021-11-22,2021-11-22,0001045810-21-000163,FCF_margin,0.2787608323387473,ratio
NVDA,FY2022-Q3,2021-11-22,2021-11-22,0001045810-21-000163,debt_to_equity,0.459870577359442,ratio
NVDA,FY2022-Q3,2021-11-22,2021-11-22,0001045810-21-000163,current_ratio,7.144518272425249,ratio
NVDA,FY2022-Q3,2021-11-22,2021-11-22,0001045810-21-000163,R&D_%_revenue,0.1972912666701261,ratio
NVDA,FY2022-Q3,2021-11-22,2021-11-22,0001045810-21-000163,SG&A_%_revenue,0.08318198329095532,ratio
NVDA,FY2022-Q3,2021-11-22,2021-11-22,0001045810-21-000163,diluted_EPS,2.67,USD/shares
NVDA,FY2022-Q3,2021-11-22,2021-11-22,0001045810-21-000163,revenue,19271000000.0,USD
NVDA,FY2022-Q3,2021-11-22,2021-11-22,0001045810-21-000163,net_income,6749000000.0,USD
NVDA,FY2022-Q3,2021-11-22,2021-11-22,0001045810-21-000163,operating_income,7071000000.0,USD
NVDA,FY2022-Q3,2021-11-22,2021-11-22,0001045810-21-000163,operating_cash_flow,6075000000.0,USD
NVDA,FY2022-Q3,2021-11-22,2021-11-22,0001045810-21-000163,capex,703000000.0,USD
NVDA,FY2022-Q3,2021-11-22,2021-11-22,0001045810-21-000163,cash_and_securities,1288000000.0,USD
NVDA,FY2022-Q3,2021-11-22,2021-11-22,0001045810-21-000163,total_debt,10944000000.0,USD
NVDA,FY2022-Q3,2021-11-22,2021-11-22,0001045810-21-000163,long_term_debt,10944000000.0,USD
NVDA,FY2022-Q3,2021-11-22,2021-11-22,0001045810-21-000163,short_term_debt,0.0,USD
NVDA,FY2022-Q3,2021-11-22,2021-11-22,0001045810-21-000163,diluted_shares,2532000000.0,shares
NVDA,FY2023,2025-02-26,2025-02-26,0001045810-25-000023,gross_margin,0.5692889449099132,ratio
NVDA,FY2023,2025-02-26,2025-02-26,0001045810-25-000023,operating_margin,0.1565952398606065,ratio
NVDA,FY2023,2025-02-26,2025-02-26,0001045810-25-000023,net_margin,0.16193371394676356,ratio
NVDA,FY2023,2025-02-26,2025-02-26,0001045810-25-000023,ROE,0.19763811592235644,ratio
NVDA,FY2023,2025-02-26,2025-02-26,0001045810-25-000023,ROA,0.10606575688407557,ratio
NVDA,FY2023,2025-02-26,2025-02-26,0001045810-25-000023,FCF,3808000000.0,USD
NVDA,FY2023,2025-02-26,2025-02-26,0001045810-25-000023,FCF_margin,0.14117298138948617,ratio
NVDA,FY2023,2025-02-26,2025-02-26,0001045810-25-000023,debt_to_equity,0.4955884349124474,ratio
NVDA,FY2023,2025-02-26,2025-02-26,0001045810-25-000023,current_ratio,3.515617857687033,ratio
NVDA,FY2023,2025-02-26,2025-02-26,0001045810-25-000023,R&D_%_revenue,0.2720768147104619,ratio
NVDA,FY2023,2025-02-26,2025-02-26,0001045810-25-000023,SG&A_%_revenue,0.09045747757099429,ratio
NVDA,FY2023,2025-02-26,2025-02-26,0001045810-25-000023,diluted_EPS,0.17,USD/shares
NVDA,FY2023,2025-02-26,2025-02-26,0001045810-25-000023,revenue,26974000000.0,USD
NVDA,FY2023,2025-02-26,2025-02-26,0001045810-25-000023,net_income,4368000000.0,USD
NVDA,FY2023,2025-02-26,2025-02-26,0001045810-25-000023,operating_income,4224000000.0,USD
NVDA,FY2023,2025-02-26,2025-02-26,0001045810-25-000023,operating_cash_flow,5641000000.0,USD
NVDA,FY2023,2025-02-26,2025-02-26,0001045810-25-000023,capex,1833000000.0,USD
NVDA,FY2023,2025-02-26,2025-02-26,0001045810-25-000023,cash_and_securities,3389000000.0,USD
NVDA,FY2023,2025-02-26,2025-02-26,0001045810-25-000023,total_debt,10953000000.0,USD
NVDA,FY2023,2025-02-26,2025-02-26,0001045810-25-000023,long_term_debt,10953000000.0,USD
NVDA,FY2023,2025-02-26,2025-02-26,0001045810-25-000023,short_term_debt,1250000000.0,USD
NVDA,FY2023,2025-02-26,2025-02-26,0001045810-25-000023,diluted_shares,25070000000.0,shares
NVDA,FY2023-Q1,2022-05-27,2022-05-27,0001045810-22-000079,gross_margin,0.655284749034749,ratio
NVDA,FY2023-Q1,2022-05-27,2022-05-27,0001045810-22-000079,operating_margin,0.22538610038610038,ratio
NVDA,FY2023-Q1,2022-05-27,2022-05-27,0001045810-22-000079,net_margin,0.19522200772200773,ratio
NVDA,FY2023-Q1,2022-05-27,2022-05-27,0001045810-22-000079,ROE,0.0614741641337386,ratio
NVDA,FY2023-Q1,2022-05-27,2022-05-27,0001045810-22-000079,ROA,0.035786959214367864,ratio
NVDA,FY2023-Q1,2022-05-27,2022-05-27,0001045810-22-000079,FCF,1370000000.0,USD
NVDA,FY2023-Q1,2022-05-27,2022-05-27,0001045810-22-000079,FCF_margin,0.1652992277992278,ratio
NVDA,FY2023-Q1,2022-05-27,2022-05-27,0001045810-22-000079,debt_to_equity,0.415919452887538,ratio
NVDA,FY2023-Q1,2022-05-27,2022-05-27,0001045810-22-000079,current_ratio,5.317331895001798,ratio
NVDA,FY2023-Q1,2022-05-27,2022-05-27,0001045810-22-000079,R&D_%_revenue,0.19522200772200773,ratio
NVDA,FY2023-Q1,2022-05-27,2022-05-27,0001045810-22-000079,SG&A_%_revenue,0.07142857142857142,ratio
NVDA,FY2023-Q1,2022-05-27,2022-05-27,0001045810-22-000079,diluted_EPS,0.64,USD/shares
NVDA,FY2023-Q1,2022-05-27,2022-05-27,0001045810-22-000079,revenue,8288000000.0,USD
NVDA,FY2023-Q1,2022-05-27,2022-05-27,0001045810-22-000079,net_income,1618000000.0,USD
NVDA,FY2023-Q1,2022-05-27,2022-05-27,0001045810-22-000079,operating_income,1868000000.0,USD
NVDA,FY2023-Q1,2022-05-27,2022-05-27,0001045810-22-000079,operating_cash_flow,1731000000.0,USD
NVDA,FY2023-Q1,2022-05-27,2022-05-27,0001045810-22-000079,capex,361000000.0,USD
NVDA,FY2023-Q1,2022-05-27,2022-05-27,0001045810-22-000079,cash_and_securities,3887000000.0,USD
NVDA,FY2023-Q1,2022-05-27,2022-05-27,0001045810-22-000079,total_debt,10947000000.0,USD
NVDA,FY2023-Q1,2022-05-27,2022-05-27,0001045810-22-000079,long_term_debt,10947000000.0,USD
NVDA,FY2023-Q1,2022-05-27,2022-05-27,0001045810-22-000079,short_term_debt,,USD
NVDA,FY2023-Q1,2022-05-27,2022-05-27,0001045810-22-000079,diluted_shares,2537000000.0,shares
NVDA,FY2023-Q2,2022-08-31,2022-08-31,0001045810-22-000147,gross_margin,0.5566969050160085,ratio
NVDA,FY2023-Q2,2022-08-31,2022-08-31,0001045810-22-000147,operating_margin,0.15788420490928495,ratio
NVDA,FY2023-Q2,2022-08-31,2022-08-31,0001045810-22-000147,net_margin,0.15168089647812166,ratio
NVDA,FY2023-Q2,2022-08-31,2022-08-31,0001045810-22-000147,ROE,0.09534191438514109,ratio
NVDA,FY2023-Q2,2022-08-31,2022-08-31,0001045810-22-000147,ROA,0.05230471984543196,ratio
NVDA,FY2023-Q2,2022-08-31,2022-08-31,0001045810-22-000147,FCF,2207000000.0,USD
NVDA,FY2023-Q2,2022-08-31,2022-08-31,0001045810-22-000147,FCF_margin,0.1472118463180363,ratio
NVDA,FY2023-Q2,2022-08-31,2022-08-31,0001045810-22-000147,debt_to_equity,0.459058320405853,ratio
NVDA,FY2023-Q2,2022-08-31,2022-08-31,0001045810-22-000147,current_ratio,3.6204938597649545,ratio
NVDA,FY2023-Q2,2022-08-31,2022-08-31,0001045810-22-000147,R&D_%_revenue,0.22965581643543223,ratio
NVDA,FY2023-Q2,2022-08-31,2022-08-31,0001045810-22-000147,SG&A_%_revenue,0.07890875133404482,ratio
NVDA,FY2023-Q2,2022-08-31,2022-08-31,0001045810-22-000147,diluted_EPS,0.9,USD/shares
NVDA,FY2023-Q2,2022-08-31,2022-08-31,0001045810-22-000147,revenue,14992000000.0,USD
NVDA,FY2023-Q2,2022-08-31,2022-08-31,0001045810-22-000147,net_income,2274000000.0,USD
NVDA,FY2023-Q2,2022-08-31,2022-08-31,0001045810-22-000147,operating_income,2367000000.0,USD
NVDA,FY2023-Q2,2022-08-31,2022-08-31,0001045810-22-000147,operating_cash_flow,3001000000.0,USD
NVDA,FY2023-Q2,2022-08-31,2022-08-31,0001045810-22-000147,capex,794000000.0,USD
NVDA,FY2023-Q2,2022-08-31,2022-08-31,0001045810-22-000147,cash_and_securities,3013000000.0,USD
NVDA,FY2023-Q2,2022-08-31,2022-08-31,0001045810-22-000147,total_debt,10949000000.0,USD
NVDA,FY2023-Q2,2022-08-31,2022-08-31,0001045810-22-000147,long_term_debt,10949000000.0,USD
NVDA,FY2023-Q2,2022-08-31,2022-08-31,0001045810-22-000147,short_term_debt,1249000000.0,USD
NVDA,FY2023-Q2,2022-08-31,2022-08-31,0001045810-22-000147,diluted_shares,2526000000.0,shares
NVDA,FY2023-Q3,2022-11-18,2022-11-18,0001045810-22-000166,gross_margin,0.5507336424030971,ratio
NVDA,FY2023-Q3,2022-11-18,2022-11-18,0001045810-22-000166,operating_margin,0.14185346269655402,ratio
NVDA,FY2023-Q3,2022-11-18,2022-11-18,0001045810-22-000166,net_margin,0.1411843425894948,ratio
NVDA,FY2023-Q3,2022-11-18,2022-11-18,0001045810-22-000166,ROE,0.13836713663403438,ratio
NVDA,FY2023-Q3,2022-11-18,2022-11-18,0001045810-22-000166,ROA,0.07295988934993085,ratio
NVDA,FY2023-Q3,2022-11-18,2022-11-18,0001045810-22-000166,FCF,2069000000.0,USD
NVDA,FY2023-Q3,2022-11-18,2022-11-18,0001045810-22-000166,FCF_margin,0.09888639296468002,ratio
NVDA,FY2023-Q3,2022-11-18,2022-11-18,0001045810-22-000166,debt_to_equity,0.5129045856948803,ratio
NVDA,FY2023-Q3,2022-11-18,2022-11-18,0001045810-22-000166,current_ratio,3.387746170678337,ratio
NVDA,FY2023-Q3,2022-11-18,2022-11-18,0001045810-22-000166,R&D_%_revenue,0.25746785833771446,ratio
NVDA,FY2023-Q3,2022-11-18,2022-11-18,0001045810-22-000166,SG&A_%_revenue,0.08674664245089136,ratio
NVDA,FY2023-Q3,2022-11-18,2022-11-18,0001045810-22-000166,diluted_EPS,1.17,USD/shares
NVDA,FY2023-Q3,2022-11-18,2022-11-18,0001045810-22-000166,revenue,20923000000.0,USD
NVDA,FY2023-Q3,2022-11-18,2022-11-18,0001045810-22-000166,net_income,2954000000.0,USD
NVDA,FY2023-Q3,2022-11-18,2022-11-18,0001045810-22-000166,operating_income,2968000000.0,USD
NVDA,FY2023-Q3,2022-11-18,2022-11-18,0001045810-22-000166,operating_cash_flow,3393000000.0,USD
NVDA,FY2023-Q3,2022-11-18,2022-11-18,0001045810-22-000166,capex,1324000000.0,USD
NVDA,FY2023-Q3,2022-11-18,2022-11-18,0001045810-22-000166,cash_and_securities,2800000000.0,USD
NVDA,FY2023-Q3,2022-11-18,2022-11-18,0001045810-22-000166,total_debt,10950000000.0,USD
NVDA,FY2023-Q3,2022-11-18,2022-11-18,0001045810-22-000166,long_term_debt,10950000000.0,USD
NVDA,FY2023-Q3,2022-11-18,2022-11-18,0001045810-22-000166,short_term_debt,1249000000.0,USD
NVDA,FY2023-Q3,2022-11-18,2022-11-18,0001045810-22-000166,diluted_shares,2517000000.0,shares
NVDA,FY2024,2026-02-25,2026-02-25,0001045810-26-000021,gross_margin,0.7271757329043695,ratio
NVDA,FY2024,2026-02-25,2026-02-25,0001045810-26-000021,operating_margin,0.5412166376678376,ratio
NVDA,FY2024,2026-02-25,2026-02-25,0001045810-26-000021,net_margin,0.4884934834706674,ratio
NVDA,FY2024,2026-02-25,2026-02-25,0001045810-26-000021,ROE,0.6924472986178976,ratio
NVDA,FY2024,2026-02-25,2026-02-25,0001045810-26-000021,ROA,0.4527750730282376,ratio
NVDA,FY2024,2026-02-25,2026-02-25,0001045810-26-000021,FCF,27021000000.0,USD
NVDA,FY2024,2026-02-25,2026-02-25,0001045810-26-000021,FCF_margin,0.4435343554052723,ratio
NVDA,FY2024,2026-02-25,2026-02-25,0001045810-26-000021,debt_to_equity,0.22590627763041557,ratio
NVDA,FY2024,2026-02-25,2026-02-25,0001045810-26-000021,current_ratio,4.171291505973097,ratio
NVDA,FY2024,2026-02-25,2026-02-25,0001045810-26-000021,R&D_%_revenue,0.14239519385443683,ratio
NVDA,FY2024,2026-02-25,2026-02-25,0001045810-26-000021,SG&A_%_revenue,0.043563901382095135,ratio
NVDA,FY2024,2026-02-25,2026-02-25,0001045810-26-000021,diluted_EPS,1.19,USD/shares
NVDA,FY2024,2026-02-25,2026-02-25,0001045810-26-000021,revenue,60922000000.0,USD
NVDA,FY2024,2026-02-25,2026-02-25,0001045810-26-000021,net_income,29760000000.0,USD
NVDA,FY2024,2026-02-25,2026-02-25,0001045810-26-000021,operating_income,32972000000.0,USD
NVDA,FY2024,2026-02-25,2026-02-25,0001045810-26-000021,operating_cash_flow,28090000000.0,USD
NVDA,FY2024,2026-02-25,2026-02-25,0001045810-26-000021,capex,1069000000.0,USD
NVDA,FY2024,2026-02-25,2026-02-25,0001045810-26-000021,cash_and_securities,7280000000.0,USD
NVDA,FY2024,2026-02-25,2026-02-25,0001045810-26-000021,total_debt,9709000000.0,USD
NVDA,FY2024,2026-02-25,2026-02-25,0001045810-26-000021,long_term_debt,9709000000.0,USD
NVDA,FY2024,2026-02-25,2026-02-25,0001045810-26-000021,short_term_debt,1250000000.0,USD
NVDA,FY2024,2026-02-25,2026-02-25,0001045810-26-000021,diluted_shares,24940000000.0,shares
NVDA,FY2024-Q1,2023-05-26,2023-05-26,0001045810-23-000093,gross_margin,0.646273637374861,ratio
NVDA,FY2024-Q1,2023-05-26,2023-05-26,0001045810-23-000093,operating_margin,0.2975528364849833,ratio
NVDA,FY2024-Q1,2023-05-26,2023-05-26,0001045810-23-000093,net_margin,0.2840656284760845,ratio
NVDA,FY2024-Q1,2023-05-26,2023-05-26,0001045810-23-000093,ROE,0.08331973898858075,ratio
NVDA,FY2024-Q1,2023-05-26,2023-05-26,0001045810-23-000093,ROA,0.04595141700404858,ratio
NVDA,FY2024-Q1,2023-05-26,2023-05-26,0001045810-23-000093,FCF,2663000000.0,USD
NVDA,FY2024-Q1,2023-05-26,2023-05-26,0001045810-23-000093,FCF_margin,0.37027252502780866,ratio
NVDA,FY2024-Q1,2023-05-26,2023-05-26,0001045810-23-000093,debt_to_equity,0.4467373572593801,ratio
NVDA,FY2024-Q1,2023-05-26,2023-05-26,0001045810-23-000093,current_ratio,3.427410468319559,ratio
NVDA,FY2024-Q1,2023-05-26,2023-05-26,0001045810-23-000093,R&D_%_revenue,0.260706340378198,ratio
NVDA,FY2024-Q1,2023-05-26,2023-05-26,0001045810-23-000093,SG&A_%_revenue,0.08801446051167965,ratio
NVDA,FY2024-Q1,2023-05-26,2023-05-26,0001045810-23-000093,diluted_EPS,0.82,USD/shares
NVDA,FY2024-Q1,2023-05-26,2023-05-26,0001045810-23-000093,revenue,7192000000.0,USD
NVDA,FY2024-Q1,2023-05-26,2023-05-26,0001045810-23-000093,net_income,2043000000.0,USD
NVDA,FY2024-Q1,2023-05-26,2023-05-26,0001045810-23-000093,operating_income,2140000000.0,USD
NVDA,FY2024-Q1,2023-05-26,2023-05-26,0001045810-23-000093,operating_cash_flow,2911000000.0,USD
NVDA,FY2024-Q1,2023-05-26,2023-05-26,0001045810-23-000093,capex,248000000.0,USD
NVDA,FY2024-Q1,2023-05-26,2023-05-26,0001045810-23-000093,cash_and_securities,5079000000.0,USD
NVDA,FY2024-Q1,2023-05-26,2023-05-26,0001045810-23-000093,total_debt,10954000000.0,USD
NVDA,FY2024-Q1,2023-05-26,2023-05-26,0001045810-23-000093,long_term_debt,10954000000.0,USD
NVDA,FY2024-Q1,2023-05-26,2023-05-26,0001045810-23-000093,short_term_debt,1250000000.0,USD
NVDA,FY2024-Q1,2023-05-26,2023-05-26,0001045810-23-000093,diluted_shares,2490000000.0,shares
NVDA,FY2024-Q2,2023-08-28,2023-08-28,0001045810-23-000175,gross_margin,0.6816754432581285,ratio
NVDA,FY2024-Q2,2023-08-28,2023-08-28,0001045810-23-000175,operating_margin,0.43195323445577083,ratio
NVDA,FY2024-Q2,2023-08-28,2023-08-28,0001045810-23-000175,net_margin,0.3977003719986473,ratio
NVDA,FY2024-Q2,2023-08-28,2023-08-28,0001045810-23-000175,ROE,0.29933456965201266,ratio
NVDA,FY2024-Q2,2023-08-28,2023-08-28,0001045810-23-000175,ROA,0.16611845424276056,ratio
NVDA,FY2024-Q2,2023-08-28,2023-08-28,0001045810-23-000175,FCF,8722000000.0,USD
NVDA,FY2024-Q2,2023-08-28,2023-08-28,0001045810-23-000175,FCF_margin,0.42137301318904297,ratio
NVDA,FY2024-Q2,2023-08-28,2023-08-28,0001045810-23-000175,debt_to_equity,0.35289625831787935,ratio
NVDA,FY2024-Q2,2023-08-28,2023-08-28,0001045810-23-000175,current_ratio,2.7866266692471453,ratio
NVDA,FY2024-Q2,2023-08-28,2023-08-28,0001045810-23-000175,R&D_%_revenue,0.18918788347263152,ratio
NVDA,FY2024-Q2,2023-08-28,2023-08-28,0001045810-23-000175,SG&A_%_revenue,0.06053432532972607,ratio
NVDA,FY2024-Q2,2023-08-28,2023-08-28,0001045810-23-000175,diluted_EPS,3.3,USD/shares
NVDA,FY2024-Q2,2023-08-28,2023-08-28,0001045810-23-000175,revenue,20699000000.0,USD
NVDA,FY2024-Q2,2023-08-28,2023-08-28,0001045810-23-000175,net_income,8232000000.0,USD
NVDA,FY2024-Q2,2023-08-28,2023-08-28,0001045810-23-000175,operating_income,8941000000.0,USD
NVDA,FY2024-Q2,2023-08-28,2023-08-28,0001045810-23-000175,operating_cash_flow,9259000000.0,USD
NVDA,FY2024-Q2,2023-08-28,2023-08-28,0001045810-23-000175,capex,537000000.0,USD
NVDA,FY2024-Q2,2023-08-28,2023-08-28,0001045810-23-000175,cash_and_securities,5783000000.0,USD
NVDA,FY2024-Q2,2023-08-28,2023-08-28,0001045810-23-000175,total_debt,9705000000.0,USD
NVDA,FY2024-Q2,2023-08-28,2023-08-28,0001045810-23-000175,long_term_debt,9705000000.0,USD
NVDA,FY2024-Q2,2023-08-28,2023-08-28,0001045810-23-000175,short_term_debt,1249000000.0,USD
NVDA,FY2024-Q2,2023-08-28,2023-08-28,0001045810-23-000175,diluted_shares,2495000000.0,shares
NVDA,FY2024-Q3,2023-11-21,2023-11-21,0001045810-23-000227,gross_margin,0.708673587676138,ratio
NVDA,FY2024-Q3,2023-11-21,2023-11-21,0001045810-23-000227,operating_margin,0.4986733300703264,ratio
NVDA,FY2024-Q3,2023-11-21,2023-11-21,0001045810-23-000227,net_margin,0.4501661557484737,ratio
NVDA,FY2024-Q3,2023-11-21,2023-11-21,0001045810-23-000227,ROE,0.525326920186382,ratio
NVDA,FY2024-Q3,2023-11-21,2023-11-21,0001045810-23-000227,ROA,0.32272660116717145,ratio
NVDA,FY2024-Q3,2023-11-21,2023-11-21,0001045810-23-000227,FCF,15776000000.0,USD
NVDA,FY2024-Q3,2023-11-21,2023-11-21,0001045810-23-000227,FCF_margin,0.4063989283598238,ratio
NVDA,FY2024-Q3,2023-11-21,2023-11-21,0001045810-23-000227,debt_to_equity,0.2917781451976552,ratio
NVDA,FY2024-Q3,2023-11-21,2023-11-21,0001045810-23-000227,current_ratio,3.588396879463795,ratio
NVDA,FY2024-Q3,2023-11-21,2023-11-21,0001045810-23-000227,R&D_%_revenue,0.15997320899559495,ratio
NVDA,FY2024-Q3,2023-11-21,2023-11-21,0001045810-23-000227,SG&A_%_revenue,0.050027048610216646,ratio
NVDA,FY2024-Q3,2023-11-21,2023-11-21,0001045810-23-000227,diluted_EPS,7.01,USD/shares
NVDA,FY2024-Q3,2023-11-21,2023-11-21,0001045810-23-000227,revenue,38819000000.0,USD
NVDA,FY2024-Q3,2023-11-21,2023-11-21,0001045810-23-000227,net_income,17475000000.0,USD
NVDA,FY2024-Q3,2023-11-21,2023-11-21,0001045810-23-000227,operating_income,19358000000.0,USD
NVDA,FY2024-Q3,2023-11-21,2023-11-21,0001045810-23-000227,operating_cash_flow,16591000000.0,USD
NVDA,FY2024-Q3,2023-11-21,2023-11-21,0001045810-23-000227,capex,815000000.0,USD
NVDA,FY2024-Q3,2023-11-21,2023-11-21,0001045810-23-000227,cash_and_securities,5519000000.0,USD
NVDA,FY2024-Q3,2023-11-21,2023-11-21,0001045810-23-000227,total_debt,9706000000.0,USD
NVDA,FY2024-Q3,2023-11-21,2023-11-21,0001045810-23-000227,long_term_debt,9706000000.0,USD
NVDA,FY2024-Q3,2023-11-21,2023-11-21,0001045810-23-000227,short_term_debt,1249000000.0,USD
NVDA,FY2024-Q3,2023-11-21,2023-11-21,0001045810-23-000227,diluted_shares,2494000000.0,shares
NVDA,FY2025,2026-02-25,2026-02-25,0001045810-26-000021,gross_margin,0.7498869705816992,ratio
NVDA,FY2025,2026-02-25,2026-02-25,0001045810-26-000021,operating_margin,0.6241752683969747,ratio
NVDA,FY2025,2026-02-25,2026-02-25,0001045810-26-000021,net_margin,0.5584802715771244,ratio
NVDA,FY2025,2026-02-25,2026-02-25,0001045810-26-000021,ROE,0.9187288060811577,ratio
NVDA,FY2025,2026-02-25,2026-02-25,0001045810-26-000021,ROA,0.6530407433625147,ratio
NVDA,FY2025,2026-02-25,2026-02-25,0001045810-26-000021,FCF,60853000000.0,USD
NVDA,FY2025,2026-02-25,2026-02-25,0001045810-26-000021,FCF_margin,0.46631723334636044,ratio
NVDA,FY2025,2026-02-25,2026-02-25,0001045810-26-000021,debt_to_equity,0.10668498745698186,ratio
NVDA,FY2025,2026-02-25,2026-02-25,0001045810-26-000021,current_ratio,4.439851498864077,ratio
NVDA,FY2025,2026-02-25,2026-02-25,0001045810-26-000021,R&D_%_revenue,0.0989601293516326,ratio
NVDA,FY2025,2026-02-25,2026-02-25,0001045810-26-000021,SG&A_%_revenue,0.026751572833091947,ratio
NVDA,FY2025,2026-02-25,2026-02-25,0001045810-26-000021,diluted_EPS,2.94,USD/shares
NVDA,FY2025,2026-02-25,2026-02-25,0001045810-26-000021,revenue,130497000000.0,USD
NVDA,FY2025,2026-02-25,2026-02-25,0001045810-26-000021,net_income,72880000000.0,USD
NVDA,FY2025,2026-02-25,2026-02-25,0001045810-26-000021,operating_income,81453000000.0,USD
NVDA,FY2025,2026-02-25,2026-02-25,0001045810-26-000021,operating_cash_flow,64089000000.0,USD
NVDA,FY2025,2026-02-25,2026-02-25,0001045810-26-000021,capex,3236000000.0,USD
NVDA,FY2025,2026-02-25,2026-02-25,0001045810-26-000021,cash_and_securities,8589000000.0,USD
NVDA,FY2025,2026-02-25,2026-02-25,0001045810-26-000021,total_debt,8463000000.0,USD
NVDA,FY2025,2026-02-25,2026-02-25,0001045810-26-000021,long_term_debt,8463000000.0,USD
NVDA,FY2025,2026-02-25,2026-02-25,0001045810-26-000021,short_term_debt,0.0,USD
NVDA,FY2025,2026-02-25,2026-02-25,0001045810-26-000021,diluted_shares,24804000000.0,shares
NVDA,FY2025-Q1,2024-05-29,2024-05-29,0001045810-24-000124,gross_margin,0.7835201965903855,ratio
NVDA,FY2025-Q1,2024-05-29,2024-05-29,0001045810-24-000124,operating_margin,0.6492474274305022,ratio
NVDA,FY2025-Q1,2024-05-29,2024-05-29,0001045810-24-000124,net_margin,0.5713792044232837,ratio
NVDA,FY2025-Q1,2024-05-29,2024-05-29,0001045810-24-000124,ROE,0.3028163281917708,ratio
NVDA,FY2025-Q1,2024-05-29,2024-05-29,0001045810-24-000124,ROA,0.19307919867137222,ratio
NVDA,FY2025-Q1,2024-05-29,2024-05-29,0001045810-24-000124,FCF,14976000000.0,USD
NVDA,FY2025-Q1,2024-05-29,2024-05-29,0001045810-24-000124,FCF_margin,0.5750268775917677,ratio
NVDA,FY2025-Q1,2024-05-29,2024-05-29,0001045810-24-000124,debt_to_equity,0.19759065565097067,ratio
NVDA,FY2025-Q1,2024-05-29,2024-05-29,0001045810-24-000124,current_ratio,3.529461998292058,ratio
NVDA,FY2025-Q1,2024-05-29,2024-05-29,0001045810-24-000124,R&D_%_revenue,0.10443864229765012,ratio
NVDA,FY2025-Q1,2024-05-29,2024-05-29,0001045810-24-000124,SG&A_%_revenue,0.029834126862233145,ratio
NVDA,FY2025-Q1,2024-05-29,2024-05-29,0001045810-24-000124,diluted_EPS,5.98,USD/shares
NVDA,FY2025-Q1,2024-05-29,2024-05-29,0001045810-24-000124,revenue,26044000000.0,USD
NVDA,FY2025-Q1,2024-05-29,2024-05-29,0001045810-24-000124,net_income,14881000000.0,USD
NVDA,FY2025-Q1,2024-05-29,2024-05-29,0001045810-24-000124,operating_income,16909000000.0,USD
NVDA,FY2025-Q1,2024-05-29,2024-05-29,0001045810-24-000124,operating_cash_flow,15345000000.0,USD
NVDA,FY2025-Q1,2024-05-29,2024-05-29,0001045810-24-000124,capex,369000000.0,USD
NVDA,FY2025-Q1,2024-05-29,2024-05-29,0001045810-24-000124,cash_and_securities,7587000000.0,USD
NVDA,FY2025-Q1,2024-05-29,2024-05-29,0001045810-24-000124,total_debt,9710000000.0,USD
NVDA,FY2025-Q1,2024-05-29,2024-05-29,0001045810-24-000124,long_term_debt,9710000000.0,USD
NVDA,FY2025-Q1,2024-05-29,2024-05-29,0001045810-24-000124,short_term_debt,1250000000.0,USD
NVDA,FY2025-Q1,2024-05-29,2024-05-29,0001045810-24-000124,diluted_shares,2489000000.0,shares
NVDA,FY2025-Q2,2024-08-28,2024-08-28,0001045810-24-000264,gross_margin,0.766332643891306,ratio
NVDA,FY2025-Q2,2024-08-28,2024-08-28,0001045810-24-000264,operating_margin,0.6338884530347336,ratio
NVDA,FY2025-Q2,2024-08-28,2024-08-28,0001045810-24-000264,net_margin,0.5613009057841809,ratio
NVDA,FY2025-Q2,2024-08-28,2024-08-28,0001045810-24-000264,ROE,0.5412933954640026,ratio
NVDA,FY2025-Q2,2024-08-28,2024-08-28,0001045810-24-000264,ROA,0.3693665153061823,ratio
NVDA,FY2025-Q2,2024-08-28,2024-08-28,0001045810-24-000264,FCF,28487000000.0,USD
NVDA,FY2025-Q2,2024-08-28,2024-08-28,0001045810-24-000264,FCF_margin,0.5079345267812567,ratio
NVDA,FY2025-Q2,2024-08-28,2024-08-28,0001045810-24-000264,debt_to_equity,0.14548549615695444,ratio
NVDA,FY2025-Q2,2024-08-28,2024-08-28,0001045810-24-000264,current_ratio,4.268952680936359,ratio
NVDA,FY2025-Q2,2024-08-28,2024-08-28,0001045810-24-000264,R&D_%_revenue,0.1035946080878682,ratio
NVDA,FY2025-Q2,2024-08-28,2024-08-28,0001045810-24-000264,SG&A_%_revenue,0.028849582768704085,ratio
NVDA,FY2025-Q2,2024-08-28,2024-08-28,0001045810-24-000264,diluted_EPS,1.27,USD/shares
NVDA,FY2025-Q2,2024-08-28,2024-08-28,0001045810-24-000264,revenue,56084000000.0,USD
NVDA,FY2025-Q2,2024-08-28,2024-08-28,0001045810-24-000264,net_income,31480000000.0,USD
NVDA,FY2025-Q2,2024-08-28,2024-08-28,0001045810-24-000264,operating_income,35551000000.0,USD
NVDA,FY2025-Q2,2024-08-28,2024-08-28,0001045810-24-000264,operating_cash_flow,29833000000.0,USD
NVDA,FY2025-Q2,2024-08-28,2024-08-28,0001045810-24-000264,capex,1346000000.0,USD
NVDA,FY2025-Q2,2024-08-28,2024-08-28,0001045810-24-000264,cash_and_securities,8563000000.0,USD
NVDA,FY2025-Q2,2024-08-28,2024-08-28,0001045810-24-000264,total_debt,8461000000.0,USD
NVDA,FY2025-Q2,2024-08-28,2024-08-28,0001045810-24-000264,long_term_debt,8461000000.0,USD
NVDA,FY2025-Q2,2024-08-28,2024-08-28,0001045810-24-000264,short_term_debt,0.0,USD
NVDA,FY2025-Q2,2024-08-28,2024-08-28,0001045810-24-000264,diluted_shares,24869000000.0,shares
NVDA,FY2025-Q3,2024-11-20,2024-11-20,0001045810-24-000316,gross_margin,0.7583419257179211,ratio
NVDA,FY2025-Q3,2024-11-20,2024-11-20,0001045810-24-000316,operating_margin,0.629829102955049,ratio
NVDA,FY2025-Q3,2024-11-20,2024-11-20,0001045810-24-000316,net_margin,0.5571046223372749,ratio
NVDA,FY2025-Q3,2024-11-20,2024-11-20,0001045810-24-000316,ROE,0.7707097224540584,ratio
NVDA,FY2025-Q3,2024-11-20,2024-11-20,0001045810-24-000316,ROA,0.5289804505639861,ratio
NVDA,FY2025-Q3,2024-11-20,2024-11-20,0001045810-24-000316,FCF,45301000000.0,USD
NVDA,FY2025-Q3,2024-11-20,2024-11-20,0001045810-24-000316,FCF_margin,0.49690674154838427,ratio
NVDA,FY2025-Q3,2024-11-20,2024-11-20,0001045810-24-000316,debt_to_equity,0.12840862532056632,ratio
NVDA,FY2025-Q3,2024-11-20,2024-11-20,0001045810-24-000316,current_ratio,4.104617998664968,ratio
NVDA,FY2025-Q3,2024-11-20,2024-11-20,0001045810-24-000316,R&D_%_revenue,0.10091481473356295,ratio
NVDA,FY2025-Q3,2024-11-20,2024-11-20,0001045810-24-000316,SG&A_%_revenue,0.027598008029309173,ratio
NVDA,FY2025-Q3,2024-11-20,2024-11-20,0001045810-24-000316,diluted_EPS,2.04,USD/shares
NVDA,FY2025-Q3,2024-11-20,2024-11-20,0001045810-24-000316,revenue,91166000000.0,USD
NVDA,FY2025-Q3,2024-11-20,2024-11-20,0001045810-24-000316,net_income,50789000000.0,USD
NVDA,FY2025-Q3,2024-11-20,2024-11-20,0001045810-24-000316,operating_income,57419000000.0,USD
NVDA,FY2025-Q3,2024-11-20,2024-11-20,0001045810-24-000316,operating_cash_flow,47460000000.0,USD
NVDA,FY2025-Q3,2024-11-20,2024-11-20,0001045810-24-000316,capex,2159000000.0,USD
NVDA,FY2025-Q3,2024-11-20,2024-11-20,0001045810-24-000316,cash_and_securities,9107000000.0,USD
NVDA,FY2025-Q3,2024-11-20,2024-11-20,0001045810-24-000316,total_debt,8462000000.0,USD
NVDA,FY2025-Q3,2024-11-20,2024-11-20,0001045810-24-000316,long_term_debt,8462000000.0,USD
NVDA,FY2025-Q3,2024-11-20,2024-11-20,0001045810-24-000316,short_term_debt,0.0,USD
NVDA,FY2025-Q3,2024-11-20,2024-11-20,0001045810-24-000316,diluted_shares,24837000000.0,shares
NVDA,FY2026,2026-02-25,2026-02-25,0001045810-26-000021,gross_margin,0.7106808435754708,ratio
NVDA,FY2026,2026-02-25,2026-02-25,0001045810-26-000021,operating_margin,0.6038168363141272,ratio
NVDA,FY2026,2026-02-25,2026-02-25,0001045810-26-000021,net_margin,0.5560253406070261,ratio
NVDA,FY2026,2026-02-25,2026-02-25,0001045810-26-000021,ROE,0.7633333969089534,ratio
NVDA,FY2026,2026-02-25,2026-02-25,0001045810-26-000021,ROA,0.5805863551302447,ratio
NVDA,FY2026,2026-02-25,2026-02-25,0001045810-26-000021,FCF,96676000000.0,USD
NVDA,FY2026,2026-02-25,2026-02-25,0001045810-26-000021,FCF_margin,0.44770258129648327,ratio
NVDA,FY2026,2026-02-25,2026-02-25,0001045810-26-000021,debt_to_equity,0.05383583503398117,ratio
NVDA,FY2026,2026-02-25,2026-02-25,0001045810-26-000021,current_ratio,3.905263812455306,ratio
NVDA,FY2026,2026-02-25,2026-02-25,0001045810-26-000021,R&D_%_revenue,0.08565884652076058,ratio
NVDA,FY2026,2026-02-25,2026-02-25,0001045810-26-000021,SG&A_%_revenue,0.021205160740582946,ratio
NVDA,FY2026,2026-02-25,2026-02-25,0001045810-26-000021,diluted_EPS,4.9,USD/shares
NVDA,FY2026,2026-02-25,2026-02-25,0001045810-26-000021,revenue,215938000000.0,USD
NVDA,FY2026,2026-02-25,2026-02-25,0001045810-26-000021,net_income,120067000000.0,USD
NVDA,FY2026,2026-02-25,2026-02-25,0001045810-26-000021,operating_income,130387000000.0,USD
NVDA,FY2026,2026-02-25,2026-02-25,0001045810-26-000021,operating_cash_flow,102718000000.0,USD
NVDA,FY2026,2026-02-25,2026-02-25,0001045810-26-000021,capex,6042000000.0,USD
NVDA,FY2026,2026-02-25,2026-02-25,0001045810-26-000021,cash_and_securities,10605000000.0,USD
NVDA,FY2026,2026-02-25,2026-02-25,0001045810-26-000021,total_debt,8468000000.0,USD
NVDA,FY2026,2026-02-25,2026-02-25,0001045810-26-000021,long_term_debt,8468000000.0,USD
NVDA,FY2026,2026-02-25,2026-02-25,0001045810-26-000021,short_term_debt,999000000.0,USD
NVDA,FY2026,2026-02-25,2026-02-25,0001045810-26-000021,diluted_shares,24304000000.0,shares
NVDA,FY2026-Q1,2025-05-28,2025-05-28,0001045810-25-000116,gross_margin,0.6052380736235304,ratio
NVDA,FY2026-Q1,2025-05-28,2025-05-28,0001045810-25-000116,operating_margin,0.49108074985248057,ratio
NVDA,FY2026-Q1,2025-05-28,2025-05-28,0001045810-25-000116,net_margin,0.4261041260042667,ratio
NVDA,FY2026-Q1,2025-05-28,2025-05-28,0001045810-25-000116,ROE,0.2239304414202736,ratio
NVDA,FY2026-Q1,2025-05-28,2025-05-28,0001045810-25-000116,ROA,0.14989541252175578,ratio
NVDA,FY2026-Q1,2025-05-28,2025-05-28,0001045810-25-000116,FCF,26187000000.0,USD
NVDA,FY2026-Q1,2025-05-28,2025-05-28,0001045810-25-000116,FCF_margin,0.5943216376923426,ratio
NVDA,FY2026-Q1,2025-05-28,2025-05-28,0001045810-25-000116,debt_to_equity,0.10095058621471083,ratio
NVDA,FY2026-Q1,2025-05-28,2025-05-28,0001045810-25-000116,current_ratio,3.3884032853590536,ratio
NVDA,FY2026-Q1,2025-05-28,2025-05-28,0001045810-25-000116,R&D_%_revenue,0.09053152376197177,ratio
NVDA,FY2026-Q1,2025-05-28,2025-05-28,0001045810-25-000116,SG&A_%_revenue,0.023625800009078116,ratio
NVDA,FY2026-Q1,2025-05-28,2025-05-28,0001045810-25-000116,diluted_EPS,0.76,USD/shares
NVDA,FY2026-Q1,2025-05-28,2025-05-28,0001045810-25-000116,revenue,44062000000.0,USD
NVDA,FY2026-Q1,2025-05-28,2025-05-28,0001045810-25-000116,net_income,18775000000.0,USD
NVDA,FY2026-Q1,2025-05-28,2025-05-28,0001045810-25-000116,operating_income,21638000000.0,USD
NVDA,FY2026-Q1,2025-05-28,2025-05-28,0001045810-25-000116,operating_cash_flow,27414000000.0,USD
NVDA,FY2026-Q1,2025-05-28,2025-05-28,0001045810-25-000116,capex,1227000000.0,USD
NVDA,FY2026-Q1,2025-05-28,2025-05-28,0001045810-25-000116,cash_and_securities,15234000000.0,USD
NVDA,FY2026-Q1,2025-05-28,2025-05-28,0001045810-25-000116,total_debt,8464000000.0,USD
NVDA,FY2026-Q1,2025-05-28,2025-05-28,0001045810-25-000116,long_term_debt,8464000000.0,USD
NVDA,FY2026-Q1,2025-05-28,2025-05-28,0001045810-25-000116,short_term_debt,,USD
NVDA,FY2026-Q1,2025-05-28,2025-05-28,0001045810-25-000116,diluted_shares,24611000000.0,shares
NVDA,FY2026-Q2,2025-08-27,2025-08-27,0001045810-25-000209,gross_margin,0.6664941357854743,ratio
NVDA,FY2026-Q2,2025-08-27,2025-08-27,0001045810-25-000209,operating_margin,0.5514894554264633,ratio
NVDA,FY2026-Q2,2025-08-27,2025-08-27,0001045810-25-000209,net_margin,0.4977369087605308,ratio
NVDA,FY2026-Q2,2025-08-27,2025-08-27,0001045810-25-000209,ROE,0.4513786939109766,ratio
NVDA,FY2026-Q2,2025-08-27,2025-08-27,0001045810-25-000209,ROA,0.321138269148785,ratio
NVDA,FY2026-Q2,2025-08-27,2025-08-27,0001045810-25-000209,FCF,39657000000.0,USD
NVDA,FY2026-Q2,2025-08-27,2025-08-27,0001045810-25-000209,FCF_margin,0.436727052475084,ratio
NVDA,FY2026-Q2,2025-08-27,2025-08-27,0001045810-25-000209,debt_to_equity,0.08454924049495162,ratio
NVDA,FY2026-Q2,2025-08-27,2025-08-27,0001045810-25-000209,current_ratio,4.2140000824504265,ratio
NVDA,FY2026-Q2,2025-08-27,2025-08-27,0001045810-25-000209,R&D_%_revenue,0.09118440614503606,ratio
NVDA,FY2026-Q2,2025-08-27,2025-08-27,0001045810-25-000209,SG&A_%_revenue,0.023820274213975,ratio
NVDA,FY2026-Q2,2025-08-27,2025-08-27,0001045810-25-000209,diluted_EPS,1.84,USD/shares
NVDA,FY2026-Q2,2025-08-27,2025-08-27,0001045810-25-000209,revenue,90805000000.0,USD
NVDA,FY2026-Q2,2025-08-27,2025-08-27,0001045810-25-000209,net_income,45197000000.0,USD
NVDA,FY2026-Q2,2025-08-27,2025-08-27,0001045810-25-000209,operating_income,50078000000.0,USD
NVDA,FY2026-Q2,2025-08-27,2025-08-27,0001045810-25-000209,operating_cash_flow,42779000000.0,USD
NVDA,FY2026-Q2,2025-08-27,2025-08-27,0001045810-25-000209,capex,3122000000.0,USD
NVDA,FY2026-Q2,2025-08-27,2025-08-27,0001045810-25-000209,cash_and_securities,11639000000.0,USD
NVDA,FY2026-Q2,2025-08-27,2025-08-27,0001045810-25-000209,total_debt,8466000000.0,USD
NVDA,FY2026-Q2,2025-08-27,2025-08-27,0001045810-25-000209,long_term_debt,8466000000.0,USD
NVDA,FY2026-Q2,2025-08-27,2025-08-27,0001045810-25-000209,short_term_debt,,USD
NVDA,FY2026-Q2,2025-08-27,2025-08-27,0001045810-25-000209,diluted_shares,24571000000.0,shares
NVDA,FY2026-Q3,2025-11-19,2025-11-19,0001045810-25-000230,gross_margin,0.692573624425787,ratio
NVDA,FY2026-Q3,2025-11-19,2025-11-19,0001045810-25-000230,operating_margin,0.5824194410429535,ratio
NVDA,FY2026-Q3,2025-11-19,2025-11-19,0001045810-25-000230,net_margin,0.5216594164169108,ratio
NVDA,FY2026-Q3,2025-11-19,2025-11-19,0001045810-25-000230,ROE,0.6485193066267442,ratio
NVDA,FY2026-Q3,2025-11-19,2025-11-19,0001045810-25-000230,ROA,0.47848561570730014,ratio
NVDA,FY2026-Q3,2025-11-19,2025-11-19,0001045810-25-000230,FCF,61772000000.0,USD
NVDA,FY2026-Q3,2025-11-19,2025-11-19,0001045810-25-000230,FCF_margin,0.417912063378233,ratio
NVDA,FY2026-Q3,2025-11-19,2025-11-19,0001045810-25-000230,debt_to_equity,0.07121289855925718,ratio
NVDA,FY2026-Q3,2025-11-19,2025-11-19,0001045810-25-000230,current_ratio,4.467574304889741,ratio
NVDA,FY2026-Q3,2025-11-19,2025-11-19,0001045810-25-000230,R&D_%_revenue,0.08784867161442653,ratio
NVDA,FY2026-Q3,2025-11-19,2025-11-19,0001045810-25-000230,SG&A_%_revenue,0.022305511768406953,ratio
NVDA,FY2026-Q3,2025-11-19,2025-11-19,0001045810-25-000230,diluted_EPS,3.14,USD/shares
NVDA,FY2026-Q3,2025-11-19,2025-11-19,0001045810-25-000230,revenue,147811000000.0,USD
NVDA,FY2026-Q3,2025-11-19,2025-11-19,0001045810-25-000230,net_income,77107000000.0,USD
NVDA,FY2026-Q3,2025-11-19,2025-11-19,0001045810-25-000230,operating_income,86088000000.0,USD
NVDA,FY2026-Q3,2025-11-19,2025-11-19,0001045810-25-000230,operating_cash_flow,66530000000.0,USD
NVDA,FY2026-Q3,2025-11-19,2025-11-19,0001045810-25-000230,capex,4758000000.0,USD
NVDA,FY2026-Q3,2025-11-19,2025-11-19,0001045810-25-000230,cash_and_securities,11486000000.0,USD
NVDA,FY2026-Q3,2025-11-19,2025-11-19,0001045810-25-000230,total_debt,8467000000.0,USD
NVDA,FY2026-Q3,2025-11-19,2025-11-19,0001045810-25-000230,long_term_debt,8467000000.0,USD
NVDA,FY2026-Q3,2025-11-19,2025-11-19,0001045810-25-000230,short_term_debt,999000000.0,USD
NVDA,FY2026-Q3,2025-11-19,2025-11-19,0001045810-25-000230,diluted_shares,24542000000.0,shares
NVDA,FY2011,2014-03-13,2014-03-13,0001045810-14-000030,revenue_growth_YoY,0.1283040796046859,ratio_yoy
NVDA,FY2012,2015-03-12,2015-03-12,0001045810-15-000036,revenue_growth_YoY,0.07059378228233111,ratio_yoy
NVDA,FY2013,2016-03-17,2016-03-17,0001045810-16-000205,revenue_growth_YoY,-0.03508257520339782,ratio_yoy
NVDA,FY2015,2017-03-01,2017-03-01,0001045810-17-000027,revenue_growth_YoY,0.13365617433414043,ratio_yoy
NVDA,FY2016,2018-02-28,2018-02-28,0001045810-18-000010,revenue_growth_YoY,0.07005553182400684,ratio_yoy
NVDA,FY2017,2019-02-21,2019-02-21,0001045810-19-000023,revenue_growth_YoY,0.37924151696606784,ratio_yoy
NVDA,FY2018,2020-02-20,2020-02-20,0001045810-20-000010,revenue_growth_YoY,0.4057887120115774,ratio_yoy
NVDA,FY2019,2021-02-26,2021-02-26,0001045810-21-000010,revenue_growth_YoY,0.20609429689108502,ratio_yoy
NVDA,FY2020,2022-03-18,2022-03-18,0001045810-22-000036,revenue_growth_YoY,-0.06811198361215431,ratio_yoy
NVDA,FY2021,2023-02-24,2023-02-24,0001045810-23-000017,revenue_growth_YoY,0.5272943762593881,ratio_yoy
NVDA,FY2022,2024-02-21,2024-02-21,0001045810-24-000029,revenue_growth_YoY,0.6140329835082459,ratio_yoy
NVDA,FY2023,2025-02-26,2025-02-26,0001045810-25-000023,revenue_growth_YoY,0.0022293230289068887,ratio_yoy
NVDA,FY2024,2026-02-25,2026-02-25,0001045810-26-000021,revenue_growth_YoY,1.2585452658115222,ratio_yoy
NVDA,FY2025,2026-02-25,2026-02-25,0001045810-26-000021,revenue_growth_YoY,1.1420340763599357,ratio_yoy
NVDA,FY2026,2026-02-25,2026-02-25,0001045810-26-000021,revenue_growth_YoY,0.654735357900948,ratio_yoy
NVDA,FY2011,2014-03-13,2014-03-13,0001045810-14-000030,OI_growth_YoY,1.534923185804721,ratio_yoy
NVDA,FY2012,2015-03-12,2015-03-12,0001045810-15-000036,OI_growth_YoY,-9.254988824600995e-05,ratio_yoy
NVDA,FY2013,2016-03-17,2016-03-17,0001045810-16-000205,OI_growth_YoY,-0.2348501092961084,ratio_yoy
NVDA,FY2015,2017-03-01,2017-03-01,0001045810-17-000027,OI_growth_YoY,0.530241935483871,ratio_yoy
NVDA,FY2016,2018-02-28,2018-02-28,0001045810-18-000010,OI_growth_YoY,-0.015810276679841896,ratio_yoy
NVDA,FY2017,2019-02-21,2019-02-21,0001045810-19-000023,OI_growth_YoY,1.5890227576974565,ratio_yoy
NVDA,FY2018,2020-02-20,2020-02-20,0001045810-20-000010,OI_growth_YoY,0.6597724922440538,ratio_yoy
NVDA,FY2019,2021-02-26,2021-02-26,0001045810-21-000010,OI_growth_YoY,0.18504672897196262,ratio_yoy
NVDA,FY2020,2022-03-18,2022-03-18,0001045810-22-000036,OI_growth_YoY,-0.2518401682439537,ratio_yoy
NVDA,FY2021,2023-02-24,2023-02-24,0001045810-23-000017,OI_growth_YoY,0.5924104005621925,ratio_yoy
NVDA,FY2022,2024-02-21,2024-02-21,0001045810-24-000029,OI_growth_YoY,1.2155781112091792,ratio_yoy
NVDA,FY2023,2025-02-26,2025-02-26,0001045810-25-000023,OI_growth_YoY,-0.5793247684493577,ratio_yoy
NVDA,FY2024,2026-02-25,2026-02-25,0001045810-26-000021,OI_growth_YoY,6.805871212121212,ratio_yoy
NVDA,FY2025,2026-02-25,2026-02-25,0001045810-26-000021,OI_growth_YoY,1.470368797767803,ratio_yoy
NVDA,FY2026,2026-02-25,2026-02-25,0001045810-26-000021,OI_growth_YoY,0.6007636305599549,ratio_yoy
NVDA,FY2009-Q2,2009-08-20,2009-08-20,0001045810-09-000024,segment_mix,1.0,ratio
NVDA,FY2009-Q3,2009-11-19,2009-11-19,0001045810-09-000036,segment_mix,1.0,ratio
NVDA,FY2010,2013-03-12,2013-03-12,0001045810-13-000008,segment_mix,1.0,ratio
NVDA,FY2010-Q2,2010-05-21,2010-05-21,0001045810-10-000018,segment_mix,1.0,ratio
NVDA,FY2010-Q3,2010-12-07,2010-12-07,0001045810-10-000045,segment_mix,1.0,ratio
NVDA,FY2011,2014-03-13,2014-03-13,0001045810-14-000030,segment_mix,1.0,ratio
NVDA,FY2011-Q1,2011-05-27,2011-05-27,0001045810-11-000031,segment_mix,1.0,ratio
NVDA,FY2011-Q2,2011-08-25,2011-08-25,0001045810-11-000046,segment_mix,1.0,ratio
NVDA,FY2011-Q3,2011-11-22,2011-11-22,0001045810-11-000056,segment_mix,1.0,ratio
NVDA,FY2012,2015-03-12,2015-03-12,0001045810-15-000036,segment_mix,1.0,ratio
NVDA,FY2012-Q1,2012-05-23,2012-05-23,0001045810-12-000027,segment_mix,1.0,ratio
NVDA,FY2012-Q2,2012-08-22,2012-08-22,0001045810-12-000036,segment_mix,1.0,ratio
NVDA,FY2012-Q3,2012-11-19,2012-11-19,0001045810-12-000060,segment_mix,1.0,ratio
NVDA,FY2013,2016-03-17,2016-03-17,0001045810-16-000205,segment_mix,1.0,ratio
NVDA,FY2013-Q1,2013-05-22,2013-05-22,0001045810-13-000054,segment_mix,1.0,ratio
NVDA,FY2013-Q2,2013-08-21,2013-08-21,0001045810-13-000075,segment_mix,1.0,ratio
NVDA,FY2013-Q3,2013-11-19,2013-11-19,0001045810-13-000109,segment_mix,1.0,ratio
NVDA,FY2014-Q1,2014-05-21,2014-05-21,0001045810-14-000085,segment_mix,1.0,ratio
NVDA,FY2015,2017-03-01,2017-03-01,0001045810-17-000027,segment_mix,1.0,ratio
NVDA,FY2015-Q2,2014-08-20,2014-08-20,0001045810-14-000158,segment_mix,1.0,ratio
NVDA,FY2015-Q3,2014-11-19,2014-11-19,0001045810-14-000188,segment_mix,1.0,ratio
NVDA,FY2016,2018-02-28,2018-02-28,0001045810-18-000010,segment_mix,1.0,ratio
NVDA,FY2016-Q1,2015-05-20,2015-05-20,0001045810-15-000097,segment_mix,1.0,ratio
NVDA,FY2016-Q2,2015-08-19,2015-08-19,0001045810-15-000143,segment_mix,1.0,ratio
NVDA,FY2016-Q3,2015-11-18,2015-11-18,0001045810-15-000173,segment_mix,1.0,ratio
NVDA,FY2017,2019-02-21,2019-02-21,0001045810-19-000023,segment_mix,1.0,ratio
NVDA,FY2017-Q1,2016-05-25,2016-05-25,0001045810-16-000275,segment_mix,1.0,ratio
NVDA,FY2017-Q2,2016-08-23,2016-08-23,0001045810-16-000300,segment_mix,1.0,ratio
NVDA,FY2017-Q3,2016-11-22,2016-11-22,0001045810-16-000353,segment_mix,1.0,ratio
NVDA,FY2018,2020-02-20,2020-02-20,0001045810-20-000010,segment_mix,1.0,ratio
NVDA,FY2018-Q1,2017-05-23,2017-05-23,0001045810-17-000075,segment_mix,1.0,ratio
NVDA,FY2018-Q2,2017-08-23,2017-08-23,0001045810-17-000123,segment_mix,1.0,ratio
NVDA,FY2018-Q3,2017-11-21,2017-11-21,0001045810-17-000172,segment_mix,1.0,ratio
NVDA,FY2019,2021-02-26,2021-02-26,0001045810-21-000010,segment_mix,1.0,ratio
NVDA,FY2019-Q1,2018-05-22,2018-05-22,0001045810-18-000080,segment_mix,1.0,ratio
NVDA,FY2019-Q2,2018-08-16,2018-08-16,0001045810-18-000114,segment_mix,1.0,ratio
NVDA,FY2019-Q3,2018-11-15,2018-11-15,0001045810-18-000150,segment_mix,1.0,ratio
NVDA,FY2020,2022-03-18,2022-03-18,0001045810-22-000036,segment_mix,1.0,ratio
NVDA,FY2020-Q1,2020-05-21,2020-05-21,0001045810-20-000065,segment_mix,1.0,ratio
NVDA,FY2020-Q2,2020-08-19,2020-08-19,0001045810-20-000147,segment_mix,1.0,ratio
NVDA,FY2020-Q3,2019-11-14,2019-11-14,0001045810-19-000170,segment_mix,1.0,ratio
NVDA,FY2021,2023-02-24,2023-02-24,0001045810-23-000017,segment_mix,1.0,ratio
NVDA,FY2021-Q3,2020-11-18,2020-11-18,0001045810-20-000189,segment_mix,1.0,ratio
NVDA,FY2022,2024-02-21,2024-02-21,0001045810-24-000029,segment_mix,1.0,ratio
NVDA,FY2022-Q1,2021-05-26,2021-05-26,0001045810-21-000064,segment_mix,1.0,ratio
NVDA,FY2022-Q2,2021-08-20,2021-08-20,0001045810-21-000131,segment_mix,1.0,ratio
NVDA,FY2022-Q3,2021-11-22,2021-11-22,0001045810-21-000163,segment_mix,1.0,ratio
NVDA,FY2023,2025-02-26,2025-02-26,0001045810-25-000023,segment_mix,1.0,ratio
NVDA,FY2023-Q1,2022-05-27,2022-05-27,0001045810-22-000079,segment_mix,1.0,ratio
NVDA,FY2023-Q2,2022-08-31,2022-08-31,0001045810-22-000147,segment_mix,1.0,ratio
NVDA,FY2023-Q3,2022-11-18,2022-11-18,0001045810-22-000166,segment_mix,1.0,ratio
NVDA,FY2024,2026-02-25,2026-02-25,0001045810-26-000021,segment_mix,1.0,ratio
NVDA,FY2024-Q1,2023-05-26,2023-05-26,0001045810-23-000093,segment_mix,1.0,ratio
NVDA,FY2024-Q2,2023-08-28,2023-08-28,0001045810-23-000175,segment_mix,1.0,ratio
NVDA,FY2024-Q3,2023-11-21,2023-11-21,0001045810-23-000227,segment_mix,1.0,ratio
NVDA,FY2025,2026-02-25,2026-02-25,0001045810-26-000021,segment_mix,1.0,ratio
NVDA,FY2025-Q1,2024-05-29,2024-05-29,0001045810-24-000124,segment_mix,1.0,ratio
NVDA,FY2025-Q2,2024-08-28,2024-08-28,0001045810-24-000264,segment_mix,1.0,ratio
NVDA,FY2025-Q3,2024-11-20,2024-11-20,0001045810-24-000316,segment_mix,1.0,ratio
NVDA,FY2026,2026-02-25,2026-02-25,0001045810-26-000021,segment_mix,1.0,ratio
NVDA,FY2026-Q1,2025-05-28,2025-05-28,0001045810-25-000116,segment_mix,1.0,ratio
NVDA,FY2026-Q2,2025-08-27,2025-08-27,0001045810-25-000209,segment_mix,1.0,ratio
NVDA,FY2026-Q3,2025-11-19,2025-11-19,0001045810-25-000230,segment_mix,1.0,ratio
